run,phase,lang,layer,tau,self_size,n_alive,self_frac
continual,0,init,enc0,0.15,2560,2560,1.0
continual,0,init,enc0,0.2,2546,2560,0.99453125
continual,0,init,enc0,0.25,1579,2560,0.616796875
continual,0,init,enc0,0.3,14,2560,0.00546875
continual,0,init,enc0,0.4,2,2560,0.00078125
continual,0,init,enc0,0.5,1,2560,0.000390625
continual,0,init,enc1,0.15,2558,2560,0.99921875
continual,0,init,enc1,0.2,2520,2560,0.984375
continual,0,init,enc1,0.25,1396,2560,0.5453125
continual,0,init,enc1,0.3,11,2560,0.004296875
continual,0,init,enc1,0.4,1,2560,0.000390625
continual,0,init,enc1,0.5,1,2560,0.000390625
continual,0,init,enc2,0.15,2558,2560,0.99921875
continual,0,init,enc2,0.2,2519,2560,0.983984375
continual,0,init,enc2,0.25,1432,2560,0.559375
continual,0,init,enc2,0.3,13,2560,0.005078125
continual,0,init,enc2,0.4,1,2560,0.000390625
continual,0,init,enc2,0.5,1,2560,0.000390625
continual,0,init,enc3,0.15,2554,2560,0.99765625
continual,0,init,enc3,0.2,2506,2560,0.97890625
continual,0,init,enc3,0.25,1514,2560,0.59140625
continual,0,init,enc3,0.3,6,2560,0.00234375
continual,0,init,enc3,0.4,1,2560,0.000390625
continual,0,init,enc3,0.5,1,2560,0.000390625
continual,0,init,dec0,0.15,2512,2560,0.98125
continual,0,init,dec0,0.2,2210,2560,0.86328125
continual,0,init,dec0,0.25,625,2560,0.244140625
continual,0,init,dec0,0.3,133,2560,0.051953125
continual,0,init,dec0,0.4,7,2560,0.002734375
continual,0,init,dec0,0.5,2,2560,0.00078125
continual,0,init,dec1,0.15,2503,2560,0.977734375
continual,0,init,dec1,0.2,2393,2560,0.934765625
continual,0,init,dec1,0.25,1357,2560,0.530078125
continual,0,init,dec1,0.3,329,2560,0.128515625
continual,0,init,dec1,0.4,3,2560,0.001171875
continual,0,init,dec1,0.5,1,2560,0.000390625
continual,0,init,dec2,0.15,2518,2560,0.98359375
continual,0,init,dec2,0.2,2430,2560,0.94921875
continual,0,init,dec2,0.25,1735,2560,0.677734375
continual,0,init,dec2,0.3,511,2560,0.199609375
continual,0,init,dec2,0.4,5,2560,0.001953125
continual,0,init,dec2,0.5,1,2560,0.000390625
continual,0,init,dec3,0.15,2518,2560,0.98359375
continual,0,init,dec3,0.2,2451,2560,0.957421875
continual,0,init,dec3,0.25,1911,2560,0.746484375
continual,0,init,dec3,0.3,712,2560,0.278125
continual,0,init,dec3,0.4,10,2560,0.00390625
continual,0,init,dec3,0.5,1,2560,0.000390625
continual,1,hi,enc0,0.15,2474,2560,0.96640625
continual,1,hi,enc0,0.2,1784,2560,0.696875
continual,1,hi,enc0,0.25,923,2560,0.360546875
continual,1,hi,enc0,0.3,457,2560,0.178515625
continual,1,hi,enc0,0.4,62,2560,0.02421875
continual,1,hi,enc0,0.5,26,2560,0.01015625
continual,1,hi,enc1,0.15,2372,2560,0.9265625
continual,1,hi,enc1,0.2,1591,2560,0.621484375
continual,1,hi,enc1,0.25,914,2560,0.35703125
continual,1,hi,enc1,0.3,526,2560,0.20546875
continual,1,hi,enc1,0.4,95,2560,0.037109375
continual,1,hi,enc1,0.5,54,2560,0.02109375
continual,1,hi,enc2,0.15,2283,2560,0.891796875
continual,1,hi,enc2,0.2,1547,2560,0.604296875
continual,1,hi,enc2,0.25,970,2560,0.37890625
continual,1,hi,enc2,0.3,554,2560,0.21640625
continual,1,hi,enc2,0.4,132,2560,0.0515625
continual,1,hi,enc2,0.5,64,2560,0.025
continual,1,hi,enc3,0.15,2424,2560,0.946875
continual,1,hi,enc3,0.2,1791,2560,0.699609375
continual,1,hi,enc3,0.25,1163,2560,0.454296875
continual,1,hi,enc3,0.3,661,2560,0.258203125
continual,1,hi,enc3,0.4,116,2560,0.0453125
continual,1,hi,enc3,0.5,59,2560,0.023046875
continual,1,hi,dec0,0.15,2502,2560,0.97734375
continual,1,hi,dec0,0.2,2092,2560,0.8171875
continual,1,hi,dec0,0.25,1513,2560,0.591015625
continual,1,hi,dec0,0.3,1138,2560,0.44453125
continual,1,hi,dec0,0.4,684,2560,0.2671875
continual,1,hi,dec0,0.5,418,2560,0.16328125
continual,1,hi,dec1,0.15,2424,2560,0.946875
continual,1,hi,dec1,0.2,1792,2560,0.7
continual,1,hi,dec1,0.25,1146,2560,0.44765625
continual,1,hi,dec1,0.3,721,2560,0.281640625
continual,1,hi,dec1,0.4,333,2560,0.130078125
continual,1,hi,dec1,0.5,59,2560,0.023046875
continual,1,hi,dec2,0.15,2408,2560,0.940625
continual,1,hi,dec2,0.2,1680,2560,0.65625
continual,1,hi,dec2,0.25,1054,2560,0.41171875
continual,1,hi,dec2,0.3,632,2560,0.246875
continual,1,hi,dec2,0.4,238,2560,0.09296875
continual,1,hi,dec2,0.5,98,2560,0.03828125
continual,1,hi,dec3,0.15,2456,2560,0.959375
continual,1,hi,dec3,0.2,1889,2560,0.737890625
continual,1,hi,dec3,0.25,1275,2560,0.498046875
continual,1,hi,dec3,0.3,859,2560,0.335546875
continual,1,hi,dec3,0.4,394,2560,0.15390625
continual,1,hi,dec3,0.5,139,2560,0.054296875
continual,2,zh,enc0,0.15,2416,2560,0.94375
continual,2,zh,enc0,0.2,1553,2560,0.606640625
continual,2,zh,enc0,0.25,812,2560,0.3171875
continual,2,zh,enc0,0.3,395,2560,0.154296875
continual,2,zh,enc0,0.4,50,2560,0.01953125
continual,2,zh,enc0,0.5,26,2560,0.01015625
continual,2,zh,enc1,0.15,2276,2560,0.8890625
continual,2,zh,enc1,0.2,1448,2560,0.565625
continual,2,zh,enc1,0.25,820,2560,0.3203125
continual,2,zh,enc1,0.3,497,2560,0.194140625
continual,2,zh,enc1,0.4,90,2560,0.03515625
continual,2,zh,enc1,0.5,42,2560,0.01640625
continual,2,zh,enc2,0.15,2159,2560,0.843359375
continual,2,zh,enc2,0.2,1473,2560,0.575390625
continual,2,zh,enc2,0.25,825,2560,0.322265625
continual,2,zh,enc2,0.3,465,2560,0.181640625
continual,2,zh,enc2,0.4,121,2560,0.047265625
continual,2,zh,enc2,0.5,36,2560,0.0140625
continual,2,zh,enc3,0.15,2356,2560,0.9203125
continual,2,zh,enc3,0.2,1665,2560,0.650390625
continual,2,zh,enc3,0.25,1017,2560,0.397265625
continual,2,zh,enc3,0.3,455,2560,0.177734375
continual,2,zh,enc3,0.4,66,2560,0.02578125
continual,2,zh,enc3,0.5,36,2560,0.0140625
continual,2,zh,dec0,0.15,2533,2560,0.989453125
continual,2,zh,dec0,0.2,2298,2560,0.89765625
continual,2,zh,dec0,0.25,1865,2560,0.728515625
continual,2,zh,dec0,0.3,1380,2560,0.5390625
continual,2,zh,dec0,0.4,832,2560,0.325
continual,2,zh,dec0,0.5,596,2560,0.2328125
continual,2,zh,dec1,0.15,2444,2560,0.9546875
continual,2,zh,dec1,0.2,1949,2560,0.761328125
continual,2,zh,dec1,0.25,1357,2560,0.530078125
continual,2,zh,dec1,0.3,721,2560,0.281640625
continual,2,zh,dec1,0.4,269,2560,0.105078125
continual,2,zh,dec1,0.5,122,2560,0.04765625
continual,2,zh,dec2,0.15,2379,2560,0.929296875
continual,2,zh,dec2,0.2,1763,2560,0.688671875
continual,2,zh,dec2,0.25,1139,2560,0.444921875
continual,2,zh,dec2,0.3,636,2560,0.2484375
continual,2,zh,dec2,0.4,167,2560,0.065234375
continual,2,zh,dec2,0.5,49,2560,0.019140625
continual,2,zh,dec3,0.15,2359,2560,0.921484375
continual,2,zh,dec3,0.2,1682,2560,0.65703125
continual,2,zh,dec3,0.25,901,2560,0.351953125
continual,2,zh,dec3,0.3,463,2560,0.180859375
continual,2,zh,dec3,0.4,45,2560,0.017578125
continual,2,zh,dec3,0.5,14,2560,0.00546875
continual,3,ar,enc0,0.15,2368,2560,0.925
continual,3,ar,enc0,0.2,1497,2560,0.584765625
continual,3,ar,enc0,0.25,765,2560,0.298828125
continual,3,ar,enc0,0.3,353,2560,0.137890625
continual,3,ar,enc0,0.4,39,2560,0.015234375
continual,3,ar,enc0,0.5,20,2560,0.0078125
continual,3,ar,enc1,0.15,2219,2560,0.866796875
continual,3,ar,enc1,0.2,1361,2560,0.531640625
continual,3,ar,enc1,0.25,816,2560,0.31875
continual,3,ar,enc1,0.3,448,2560,0.175
continual,3,ar,enc1,0.4,55,2560,0.021484375
continual,3,ar,enc1,0.5,28,2560,0.0109375
continual,3,ar,enc2,0.15,2203,2560,0.860546875
continual,3,ar,enc2,0.2,1509,2560,0.589453125
continual,3,ar,enc2,0.25,855,2560,0.333984375
continual,3,ar,enc2,0.3,373,2560,0.145703125
continual,3,ar,enc2,0.4,90,2560,0.03515625
continual,3,ar,enc2,0.5,31,2560,0.012109375
continual,3,ar,enc3,0.15,2393,2560,0.934765625
continual,3,ar,enc3,0.2,1790,2560,0.69921875
continual,3,ar,enc3,0.25,1023,2560,0.399609375
continual,3,ar,enc3,0.3,531,2560,0.207421875
continual,3,ar,enc3,0.4,41,2560,0.016015625
continual,3,ar,enc3,0.5,23,2560,0.008984375
continual,3,ar,dec0,0.15,2543,2560,0.993359375
continual,3,ar,dec0,0.2,2267,2560,0.885546875
continual,3,ar,dec0,0.25,1747,2560,0.682421875
continual,3,ar,dec0,0.3,1123,2560,0.438671875
continual,3,ar,dec0,0.4,334,2560,0.13046875
continual,3,ar,dec0,0.5,158,2560,0.06171875
continual,3,ar,dec1,0.15,2523,2560,0.985546875
continual,3,ar,dec1,0.2,2204,2560,0.8609375
continual,3,ar,dec1,0.25,1602,2560,0.62578125
continual,3,ar,dec1,0.3,1023,2560,0.399609375
continual,3,ar,dec1,0.4,239,2560,0.093359375
continual,3,ar,dec1,0.5,28,2560,0.0109375
continual,3,ar,dec2,0.15,2524,2560,0.9859375
continual,3,ar,dec2,0.2,2176,2560,0.85
continual,3,ar,dec2,0.25,1515,2560,0.591796875
continual,3,ar,dec2,0.3,967,2560,0.377734375
continual,3,ar,dec2,0.4,252,2560,0.0984375
continual,3,ar,dec2,0.5,39,2560,0.015234375
continual,3,ar,dec3,0.15,2516,2560,0.9828125
continual,3,ar,dec3,0.2,2179,2560,0.851171875
continual,3,ar,dec3,0.25,1555,2560,0.607421875
continual,3,ar,dec3,0.3,872,2560,0.340625
continual,3,ar,dec3,0.4,217,2560,0.084765625
continual,3,ar,dec3,0.5,62,2560,0.02421875
continual,4,hi,enc0,0.15,2343,2560,0.915234375
continual,4,hi,enc0,0.2,1389,2560,0.542578125
continual,4,hi,enc0,0.25,731,2560,0.285546875
continual,4,hi,enc0,0.3,191,2560,0.074609375
continual,4,hi,enc0,0.4,46,2560,0.01796875
continual,4,hi,enc0,0.5,12,2560,0.0046875
continual,4,hi,enc1,0.15,2135,2560,0.833984375
continual,4,hi,enc1,0.2,1275,2560,0.498046875
continual,4,hi,enc1,0.25,709,2560,0.276953125
continual,4,hi,enc1,0.3,354,2560,0.13828125
continual,4,hi,enc1,0.4,64,2560,0.025
continual,4,hi,enc1,0.5,21,2560,0.008203125
continual,4,hi,enc2,0.15,2077,2560,0.811328125
continual,4,hi,enc2,0.2,1385,2560,0.541015625
continual,4,hi,enc2,0.25,717,2560,0.280078125
continual,4,hi,enc2,0.3,260,2560,0.1015625
continual,4,hi,enc2,0.4,67,2560,0.026171875
continual,4,hi,enc2,0.5,21,2560,0.008203125
continual,4,hi,enc3,0.15,2308,2560,0.9015625
continual,4,hi,enc3,0.2,1614,2560,0.63046875
continual,4,hi,enc3,0.25,970,2560,0.37890625
continual,4,hi,enc3,0.3,432,2560,0.16875
continual,4,hi,enc3,0.4,48,2560,0.01875
continual,4,hi,enc3,0.5,20,2560,0.0078125
continual,4,hi,dec0,0.15,2500,2560,0.9765625
continual,4,hi,dec0,0.2,1921,2560,0.750390625
continual,4,hi,dec0,0.25,1136,2560,0.44375
continual,4,hi,dec0,0.3,550,2560,0.21484375
continual,4,hi,dec0,0.4,64,2560,0.025
continual,4,hi,dec0,0.5,22,2560,0.00859375
continual,4,hi,dec1,0.15,2418,2560,0.94453125
continual,4,hi,dec1,0.2,1781,2560,0.695703125
continual,4,hi,dec1,0.25,1117,2560,0.436328125
continual,4,hi,dec1,0.3,608,2560,0.2375
continual,4,hi,dec1,0.4,86,2560,0.03359375
continual,4,hi,dec1,0.5,27,2560,0.010546875
continual,4,hi,dec2,0.15,2371,2560,0.926171875
continual,4,hi,dec2,0.2,1747,2560,0.682421875
continual,4,hi,dec2,0.25,1046,2560,0.40859375
continual,4,hi,dec2,0.3,608,2560,0.2375
continual,4,hi,dec2,0.4,77,2560,0.030078125
continual,4,hi,dec2,0.5,28,2560,0.0109375
continual,4,hi,dec3,0.15,2423,2560,0.946484375
continual,4,hi,dec3,0.2,1861,2560,0.726953125
continual,4,hi,dec3,0.25,1287,2560,0.502734375
continual,4,hi,dec3,0.3,819,2560,0.319921875
continual,4,hi,dec3,0.4,263,2560,0.102734375
continual,4,hi,dec3,0.5,131,2560,0.051171875
continual,5,zh,enc0,0.15,2331,2560,0.910546875
continual,5,zh,enc0,0.2,1394,2560,0.54453125
continual,5,zh,enc0,0.25,709,2560,0.276953125
continual,5,zh,enc0,0.3,323,2560,0.126171875
continual,5,zh,enc0,0.4,31,2560,0.012109375
continual,5,zh,enc0,0.5,16,2560,0.00625
continual,5,zh,enc1,0.15,2158,2560,0.84296875
continual,5,zh,enc1,0.2,1289,2560,0.503515625
continual,5,zh,enc1,0.25,697,2560,0.272265625
continual,5,zh,enc1,0.3,298,2560,0.11640625
continual,5,zh,enc1,0.4,53,2560,0.020703125
continual,5,zh,enc1,0.5,16,2560,0.00625
continual,5,zh,enc2,0.15,2145,2560,0.837890625
continual,5,zh,enc2,0.2,1414,2560,0.55234375
continual,5,zh,enc2,0.25,765,2560,0.298828125
continual,5,zh,enc2,0.3,297,2560,0.116015625
continual,5,zh,enc2,0.4,75,2560,0.029296875
continual,5,zh,enc2,0.5,21,2560,0.008203125
continual,5,zh,enc3,0.15,2312,2560,0.903125
continual,5,zh,enc3,0.2,1673,2560,0.653515625
continual,5,zh,enc3,0.25,918,2560,0.35859375
continual,5,zh,enc3,0.3,359,2560,0.140234375
continual,5,zh,enc3,0.4,36,2560,0.0140625
continual,5,zh,enc3,0.5,15,2560,0.005859375
continual,5,zh,dec0,0.15,2440,2560,0.953125
continual,5,zh,dec0,0.2,1850,2560,0.72265625
continual,5,zh,dec0,0.25,1161,2560,0.453515625
continual,5,zh,dec0,0.3,533,2560,0.208203125
continual,5,zh,dec0,0.4,131,2560,0.051171875
continual,5,zh,dec0,0.5,10,2560,0.00390625
continual,5,zh,dec1,0.15,2264,2560,0.884375
continual,5,zh,dec1,0.2,1533,2560,0.598828125
continual,5,zh,dec1,0.25,876,2560,0.3421875
continual,5,zh,dec1,0.3,365,2560,0.142578125
continual,5,zh,dec1,0.4,32,2560,0.0125
continual,5,zh,dec1,0.5,15,2560,0.005859375
continual,5,zh,dec2,0.15,2197,2560,0.858203125
continual,5,zh,dec2,0.2,1485,2560,0.580078125
continual,5,zh,dec2,0.25,810,2560,0.31640625
continual,5,zh,dec2,0.3,197,2560,0.076953125
continual,5,zh,dec2,0.4,50,2560,0.01953125
continual,5,zh,dec2,0.5,31,2560,0.012109375
continual,5,zh,dec3,0.15,2221,2560,0.867578125
continual,5,zh,dec3,0.2,1578,2560,0.61640625
continual,5,zh,dec3,0.25,892,2560,0.3484375
continual,5,zh,dec3,0.3,403,2560,0.157421875
continual,5,zh,dec3,0.4,54,2560,0.02109375
continual,5,zh,dec3,0.5,17,2560,0.006640625
continual,6,ar,enc0,0.15,2319,2560,0.905859375
continual,6,ar,enc0,0.2,1364,2560,0.5328125
continual,6,ar,enc0,0.25,714,2560,0.27890625
continual,6,ar,enc0,0.3,389,2560,0.151953125
continual,6,ar,enc0,0.4,30,2560,0.01171875
continual,6,ar,enc0,0.5,10,2560,0.00390625
continual,6,ar,enc1,0.15,2205,2560,0.861328125
continual,6,ar,enc1,0.2,1283,2560,0.501171875
continual,6,ar,enc1,0.25,700,2560,0.2734375
continual,6,ar,enc1,0.3,313,2560,0.122265625
continual,6,ar,enc1,0.4,39,2560,0.015234375
continual,6,ar,enc1,0.5,15,2560,0.005859375
continual,6,ar,enc2,0.15,2188,2560,0.8546875
continual,6,ar,enc2,0.2,1502,2560,0.58671875
continual,6,ar,enc2,0.25,756,2560,0.2953125
continual,6,ar,enc2,0.3,334,2560,0.13046875
continual,6,ar,enc2,0.4,59,2560,0.023046875
continual,6,ar,enc2,0.5,15,2560,0.005859375
continual,6,ar,enc3,0.15,2358,2560,0.92109375
continual,6,ar,enc3,0.2,1722,2560,0.67265625
continual,6,ar,enc3,0.25,962,2560,0.37578125
continual,6,ar,enc3,0.3,392,2560,0.153125
continual,6,ar,enc3,0.4,32,2560,0.0125
continual,6,ar,enc3,0.5,12,2560,0.0046875
continual,6,ar,dec0,0.15,2407,2560,0.940234375
continual,6,ar,dec0,0.2,1832,2560,0.715625
continual,6,ar,dec0,0.25,1165,2560,0.455078125
continual,6,ar,dec0,0.3,282,2560,0.11015625
continual,6,ar,dec0,0.4,48,2560,0.01875
continual,6,ar,dec0,0.5,19,2560,0.007421875
continual,6,ar,dec1,0.15,2367,2560,0.924609375
continual,6,ar,dec1,0.2,1831,2560,0.715234375
continual,6,ar,dec1,0.25,1145,2560,0.447265625
continual,6,ar,dec1,0.3,453,2560,0.176953125
continual,6,ar,dec1,0.4,54,2560,0.02109375
continual,6,ar,dec1,0.5,27,2560,0.010546875
continual,6,ar,dec2,0.15,2453,2560,0.958203125
continual,6,ar,dec2,0.2,1919,2560,0.749609375
continual,6,ar,dec2,0.25,1233,2560,0.481640625
continual,6,ar,dec2,0.3,695,2560,0.271484375
continual,6,ar,dec2,0.4,35,2560,0.013671875
continual,6,ar,dec2,0.5,25,2560,0.009765625
continual,6,ar,dec3,0.15,2483,2560,0.969921875
continual,6,ar,dec3,0.2,2108,2560,0.8234375
continual,6,ar,dec3,0.25,1497,2560,0.584765625
continual,6,ar,dec3,0.3,881,2560,0.344140625
continual,6,ar,dec3,0.4,189,2560,0.073828125
continual,6,ar,dec3,0.5,22,2560,0.00859375
continual,7,hi,enc0,0.15,2306,2560,0.90078125
continual,7,hi,enc0,0.2,1300,2560,0.5078125
continual,7,hi,enc0,0.25,658,2560,0.25703125
continual,7,hi,enc0,0.3,351,2560,0.137109375
continual,7,hi,enc0,0.4,39,2560,0.015234375
continual,7,hi,enc0,0.5,16,2560,0.00625
continual,7,hi,enc1,0.15,2083,2560,0.813671875
continual,7,hi,enc1,0.2,1197,2560,0.467578125
continual,7,hi,enc1,0.25,617,2560,0.241015625
continual,7,hi,enc1,0.3,263,2560,0.102734375
continual,7,hi,enc1,0.4,49,2560,0.019140625
continual,7,hi,enc1,0.5,16,2560,0.00625
continual,7,hi,enc2,0.15,2067,2560,0.807421875
continual,7,hi,enc2,0.2,1308,2560,0.5109375
continual,7,hi,enc2,0.25,644,2560,0.2515625
continual,7,hi,enc2,0.3,249,2560,0.097265625
continual,7,hi,enc2,0.4,49,2560,0.019140625
continual,7,hi,enc2,0.5,17,2560,0.006640625
continual,7,hi,enc3,0.15,2289,2560,0.894140625
continual,7,hi,enc3,0.2,1610,2560,0.62890625
continual,7,hi,enc3,0.25,891,2560,0.348046875
continual,7,hi,enc3,0.3,431,2560,0.168359375
continual,7,hi,enc3,0.4,36,2560,0.0140625
continual,7,hi,enc3,0.5,14,2560,0.00546875
continual,7,hi,dec0,0.15,2401,2560,0.937890625
continual,7,hi,dec0,0.2,1669,2560,0.651953125
continual,7,hi,dec0,0.25,762,2560,0.29765625
continual,7,hi,dec0,0.3,302,2560,0.11796875
continual,7,hi,dec0,0.4,59,2560,0.023046875
continual,7,hi,dec0,0.5,29,2560,0.011328125
continual,7,hi,dec1,0.15,2134,2560,0.83359375
continual,7,hi,dec1,0.2,1278,2560,0.49921875
continual,7,hi,dec1,0.25,656,2560,0.25625
continual,7,hi,dec1,0.3,57,2560,0.022265625
continual,7,hi,dec1,0.4,22,2560,0.00859375
continual,7,hi,dec1,0.5,11,2560,0.004296875
continual,7,hi,dec2,0.15,2159,2560,0.843359375
continual,7,hi,dec2,0.2,1394,2560,0.54453125
continual,7,hi,dec2,0.25,770,2560,0.30078125
continual,7,hi,dec2,0.3,339,2560,0.132421875
continual,7,hi,dec2,0.4,31,2560,0.012109375
continual,7,hi,dec2,0.5,19,2560,0.007421875
continual,7,hi,dec3,0.15,2346,2560,0.91640625
continual,7,hi,dec3,0.2,1714,2560,0.66953125
continual,7,hi,dec3,0.25,1127,2560,0.440234375
continual,7,hi,dec3,0.3,758,2560,0.29609375
continual,7,hi,dec3,0.4,255,2560,0.099609375
continual,7,hi,dec3,0.5,106,2560,0.04140625
continual,8,zh,enc0,0.15,2307,2560,0.901171875
continual,8,zh,enc0,0.2,1338,2560,0.52265625
continual,8,zh,enc0,0.25,673,2560,0.262890625
continual,8,zh,enc0,0.3,317,2560,0.123828125
continual,8,zh,enc0,0.4,17,2560,0.006640625
continual,8,zh,enc0,0.5,9,2560,0.003515625
continual,8,zh,enc1,0.15,2149,2560,0.839453125
continual,8,zh,enc1,0.2,1255,2560,0.490234375
continual,8,zh,enc1,0.25,638,2560,0.24921875
continual,8,zh,enc1,0.3,246,2560,0.09609375
continual,8,zh,enc1,0.4,48,2560,0.01875
continual,8,zh,enc1,0.5,13,2560,0.005078125
continual,8,zh,enc2,0.15,2105,2560,0.822265625
continual,8,zh,enc2,0.2,1350,2560,0.52734375
continual,8,zh,enc2,0.25,601,2560,0.234765625
continual,8,zh,enc2,0.3,203,2560,0.079296875
continual,8,zh,enc2,0.4,44,2560,0.0171875
continual,8,zh,enc2,0.5,16,2560,0.00625
continual,8,zh,enc3,0.15,2278,2560,0.88984375
continual,8,zh,enc3,0.2,1649,2560,0.644140625
continual,8,zh,enc3,0.25,901,2560,0.351953125
continual,8,zh,enc3,0.3,133,2560,0.051953125
continual,8,zh,enc3,0.4,33,2560,0.012890625
continual,8,zh,enc3,0.5,10,2560,0.00390625
continual,8,zh,dec0,0.15,2373,2560,0.926953125
continual,8,zh,dec0,0.2,1683,2560,0.657421875
continual,8,zh,dec0,0.25,920,2560,0.359375
continual,8,zh,dec0,0.3,227,2560,0.088671875
continual,8,zh,dec0,0.4,44,2560,0.0171875
continual,8,zh,dec0,0.5,16,2560,0.00625
continual,8,zh,dec1,0.15,2029,2560,0.792578125
continual,8,zh,dec1,0.2,1252,2560,0.4890625
continual,8,zh,dec1,0.25,517,2560,0.201953125
continual,8,zh,dec1,0.3,202,2560,0.07890625
continual,8,zh,dec1,0.4,47,2560,0.018359375
continual,8,zh,dec1,0.5,20,2560,0.0078125
continual,8,zh,dec2,0.15,1959,2560,0.765234375
continual,8,zh,dec2,0.2,1152,2560,0.45
continual,8,zh,dec2,0.25,555,2560,0.216796875
continual,8,zh,dec2,0.3,100,2560,0.0390625
continual,8,zh,dec2,0.4,48,2560,0.01875
continual,8,zh,dec2,0.5,26,2560,0.01015625
continual,8,zh,dec3,0.15,2147,2560,0.838671875
continual,8,zh,dec3,0.2,1463,2560,0.571484375
continual,8,zh,dec3,0.25,797,2560,0.311328125
continual,8,zh,dec3,0.3,295,2560,0.115234375
continual,8,zh,dec3,0.4,25,2560,0.009765625
continual,8,zh,dec3,0.5,16,2560,0.00625
continual,9,ar,enc0,0.15,2310,2560,0.90234375
continual,9,ar,enc0,0.2,1329,2560,0.519140625
continual,9,ar,enc0,0.25,682,2560,0.26640625
continual,9,ar,enc0,0.3,158,2560,0.06171875
continual,9,ar,enc0,0.4,18,2560,0.00703125
continual,9,ar,enc0,0.5,13,2560,0.005078125
continual,9,ar,enc1,0.15,2170,2560,0.84765625
continual,9,ar,enc1,0.2,1248,2560,0.4875
continual,9,ar,enc1,0.25,646,2560,0.25234375
continual,9,ar,enc1,0.3,265,2560,0.103515625
continual,9,ar,enc1,0.4,39,2560,0.015234375
continual,9,ar,enc1,0.5,13,2560,0.005078125
continual,9,ar,enc2,0.15,2161,2560,0.844140625
continual,9,ar,enc2,0.2,1512,2560,0.590625
continual,9,ar,enc2,0.25,699,2560,0.273046875
continual,9,ar,enc2,0.3,225,2560,0.087890625
continual,9,ar,enc2,0.4,22,2560,0.00859375
continual,9,ar,enc2,0.5,12,2560,0.0046875
continual,9,ar,enc3,0.15,2355,2560,0.919921875
continual,9,ar,enc3,0.2,1637,2560,0.639453125
continual,9,ar,enc3,0.25,881,2560,0.344140625
continual,9,ar,enc3,0.3,435,2560,0.169921875
continual,9,ar,enc3,0.4,22,2560,0.00859375
continual,9,ar,enc3,0.5,5,2560,0.001953125
continual,9,ar,dec0,0.15,2329,2560,0.909765625
continual,9,ar,dec0,0.2,1671,2560,0.652734375
continual,9,ar,dec0,0.25,884,2560,0.3453125
continual,9,ar,dec0,0.3,192,2560,0.075
continual,9,ar,dec0,0.4,28,2560,0.0109375
continual,9,ar,dec0,0.5,20,2560,0.0078125
continual,9,ar,dec1,0.15,2217,2560,0.866015625
continual,9,ar,dec1,0.2,1556,2560,0.6078125
continual,9,ar,dec1,0.25,816,2560,0.31875
continual,9,ar,dec1,0.3,300,2560,0.1171875
continual,9,ar,dec1,0.4,50,2560,0.01953125
continual,9,ar,dec1,0.5,30,2560,0.01171875
continual,9,ar,dec2,0.15,2331,2560,0.910546875
continual,9,ar,dec2,0.2,1656,2560,0.646875
continual,9,ar,dec2,0.25,996,2560,0.3890625
continual,9,ar,dec2,0.3,468,2560,0.1828125
continual,9,ar,dec2,0.4,38,2560,0.01484375
continual,9,ar,dec2,0.5,21,2560,0.008203125
continual,9,ar,dec3,0.15,2477,2560,0.967578125
continual,9,ar,dec3,0.2,2097,2560,0.819140625
continual,9,ar,dec3,0.25,1481,2560,0.578515625
continual,9,ar,dec3,0.3,896,2560,0.35
continual,9,ar,dec3,0.4,188,2560,0.0734375
continual,9,ar,dec3,0.5,24,2560,0.009375
continual,10,hi,enc0,0.15,2293,2560,0.895703125
continual,10,hi,enc0,0.2,1261,2560,0.492578125
continual,10,hi,enc0,0.25,629,2560,0.245703125
continual,10,hi,enc0,0.3,302,2560,0.11796875
continual,10,hi,enc0,0.4,39,2560,0.015234375
continual,10,hi,enc0,0.5,12,2560,0.0046875
continual,10,hi,enc1,0.15,2052,2560,0.8015625
continual,10,hi,enc1,0.2,1170,2560,0.45703125
continual,10,hi,enc1,0.25,593,2560,0.231640625
continual,10,hi,enc1,0.3,277,2560,0.108203125
continual,10,hi,enc1,0.4,33,2560,0.012890625
continual,10,hi,enc1,0.5,10,2560,0.00390625
continual,10,hi,enc2,0.15,2054,2560,0.80234375
continual,10,hi,enc2,0.2,1290,2560,0.50390625
continual,10,hi,enc2,0.25,578,2560,0.22578125
continual,10,hi,enc2,0.3,163,2560,0.063671875
continual,10,hi,enc2,0.4,24,2560,0.009375
continual,10,hi,enc2,0.5,13,2560,0.005078125
continual,10,hi,enc3,0.15,2290,2560,0.89453125
continual,10,hi,enc3,0.2,1576,2560,0.615625
continual,10,hi,enc3,0.25,849,2560,0.331640625
continual,10,hi,enc3,0.3,193,2560,0.075390625
continual,10,hi,enc3,0.4,32,2560,0.0125
continual,10,hi,enc3,0.5,14,2560,0.00546875
continual,10,hi,dec0,0.15,2290,2560,0.89453125
continual,10,hi,dec0,0.2,1442,2560,0.56328125
continual,10,hi,dec0,0.25,566,2560,0.22109375
continual,10,hi,dec0,0.3,199,2560,0.077734375
continual,10,hi,dec0,0.4,62,2560,0.02421875
continual,10,hi,dec0,0.5,20,2560,0.0078125
continual,10,hi,dec1,0.15,1962,2560,0.76640625
continual,10,hi,dec1,0.2,1099,2560,0.429296875
continual,10,hi,dec1,0.25,415,2560,0.162109375
continual,10,hi,dec1,0.3,51,2560,0.019921875
continual,10,hi,dec1,0.4,28,2560,0.0109375
continual,10,hi,dec1,0.5,22,2560,0.00859375
continual,10,hi,dec2,0.15,2025,2560,0.791015625
continual,10,hi,dec2,0.2,1234,2560,0.48203125
continual,10,hi,dec2,0.25,652,2560,0.2546875
continual,10,hi,dec2,0.3,319,2560,0.124609375
continual,10,hi,dec2,0.4,33,2560,0.012890625
continual,10,hi,dec2,0.5,18,2560,0.00703125
continual,10,hi,dec3,0.15,2318,2560,0.90546875
continual,10,hi,dec3,0.2,1743,2560,0.680859375
continual,10,hi,dec3,0.25,1168,2560,0.45625
continual,10,hi,dec3,0.3,758,2560,0.29609375
continual,10,hi,dec3,0.4,274,2560,0.10703125
continual,10,hi,dec3,0.5,111,2560,0.043359375
