phase,trained,steps,stop,chrF hi,chrF zh,chrF ar,val hi,val zh,val ar
0,init,0,init,1.18,0.04,2.71,8.9647,9.6408,9.1963
1,hi,34500,plateau,49.2,0.53,0.4,1.3516,13.8983,13.9921
2,hi,6000,plateau,49.76,0.54,0.39,1.3417,13.8854,14.0464
3,hi,6000,plateau,48.51,0.51,0.36,1.3354,13.7794,13.9841
4,hi,6000,plateau,48.62,0.48,0.32,1.3246,13.6776,13.8992
5,hi,6000,plateau,49.63,0.43,0.31,1.3216,13.8483,14.1192
6,hi,6000,plateau,49.4,0.56,0.4,1.3169,13.8771,14.2065
7,hi,6000,plateau,49.75,0.5,0.37,1.3171,13.5483,13.8953
8,hi,6000,plateau,48.79,0.54,0.39,1.3135,13.549,13.9358
9,hi,6000,plateau,49.64,0.59,0.42,1.3094,13.207,13.6655
10,hi,6000,plateau,49.88,0.53,0.38,1.3093,13.2896,13.7304
