run,tau,layer,self_frac,self_change,task_change,random_change,gap,% transitions self more stable,self_overlap,n_transitions
continual,0.15,enc0,0.9166796875000001,24.542428970336914,32.43538369072808,25.221883646647136,7.892954720391168,100.0,0.8970504679881172,9
continual,0.15,enc1,0.8523046874999999,31.142724566989475,42.58736928304037,32.931784290737575,11.44464471605089,100.0,0.8243298863974121,9
continual,0.15,enc2,0.837578125,36.31774690416124,50.315926445855034,38.70736543867323,13.998179541693794,100.0,0.8182804871218412,9
continual,0.15,enc3,0.9126171875000001,40.88580873277452,52.72807312011719,41.96488649580214,11.842264387342665,100.0,0.8794194893829109,9
continual,0.15,dec0,0.9499218749999999,74.58117167154948,79.68691507975261,74.75417997572157,5.105743408203125,100.0,0.915625248121876,9
continual,0.15,dec1,0.889921875,81.64491526285808,85.71366458468967,82.14343507554796,4.068749321831597,100.0,0.8304662868425452,9
continual,0.15,dec2,0.890859375,81.95261722140842,86.4722654554579,82.53657629224989,4.5196482340494795,100.0,0.8206143151927786,9
continual,0.15,dec3,0.9275781249999999,75.48853641086154,82.63597361246745,76.02799377441406,7.147437201605903,100.0,0.8693381988918146,9
continual,0.2,enc0,0.5550390625,22.140776104397244,28.859372244940865,25.21986843744914,6.71859614054362,100.0,0.6677685432166098,9
continual,0.2,enc1,0.5123828125000001,27.64722972446018,38.19380018446181,32.910785886976456,10.546570460001627,100.0,0.6555665111770992,9
continual,0.2,enc2,0.5582031250000001,32.79135322570801,45.961793687608505,38.675102106730144,13.1704404619005,100.0,0.6585027983005494,9
continual,0.2,enc3,0.6533984375,38.52192730373807,48.32483673095703,41.96174933115641,9.802909427218967,100.0,0.6864089395500169,9
continual,0.2,dec0,0.7314453125,73.98288938734267,77.78248935275607,74.76196210649279,3.7995999654134116,100.0,0.6410186321566226,9
continual,0.2,dec1,0.6357421875,80.59894900851779,84.61173841688368,82.1251463148329,4.012789408365886,100.0,0.548807345332905,9
continual,0.2,dec2,0.633046875,80.83217281765408,85.20899539523654,82.52639389038086,4.376822577582465,100.0,0.5334170207957397,9
continual,0.2,dec3,0.7153906250000001,74.10902489556207,80.55960252549913,76.02878362867568,6.450577629937066,100.0,0.606611525767506,9
continual,0.25,enc0,0.28500000000000003,19.558593220180935,27.396942138671875,25.226102256774904,7.83834891849094,100.0,0.6329861916445254,9
continual,0.25,enc1,0.27929687499999994,24.184932072957356,36.16998545328776,32.91486310958862,11.985053380330404,100.0,0.6143941568140523,9
continual,0.25,enc2,0.289453125,29.064046647813583,42.42713504367404,38.70465115441217,13.36308839586046,100.0,0.5480820914286586,9
continual,0.25,enc3,0.3740234375,36.237411710951065,45.28818851047092,41.98125203450521,9.050776799519857,100.0,0.5511168200784432,9
continual,0.25,dec0,0.45777343749999994,72.42795901828342,77.0798602634006,74.76359136369493,4.6519012451171875,100.0,0.4223485117558005,9
continual,0.25,dec1,0.3768359375,79.29165734185113,83.8826412624783,82.12115063137477,4.5909839206271705,100.0,0.3351161053701741,9
continual,0.25,dec2,0.38164062500000007,79.36771477593317,84.37683614095052,82.49738065931533,5.009121365017361,100.0,0.3375189295926811,9
continual,0.25,dec3,0.46796874999999993,72.02481672498915,79.35716417100694,76.03334515889486,7.3323474460177955,100.0,0.4005284306129627,9
continual,0.3,enc0,0.12640625,17.586382548014324,26.279893027411568,25.241970920562743,8.693510479397244,100.0,0.45090002492139586,9
continual,0.3,enc1,0.1362109375,21.180781682332356,34.67381625705295,32.865794234805634,13.493034574720594,100.0,0.5281196734414704,9
continual,0.3,enc2,0.1219921875,26.02125422159831,40.28713607788086,38.718243683709034,14.265881856282553,100.0,0.472118377456354,9
continual,0.3,enc3,0.157109375,33.945135328504776,43.33828608194987,41.89443768395318,9.393150753445095,100.0,0.360912091478173,9
continual,0.3,dec0,0.23148437500000002,68.13446935017903,76.77905739678278,74.85185294681125,8.644588046603733,100.0,0.2965955587124215,9
continual,0.3,dec1,0.1758203125,77.08431328667535,83.38008795844183,82.08545731438531,6.295774671766493,88.88888888888889,0.18835963679249154,9
continual,0.3,dec2,0.1937890625,77.41803232828777,83.72871738009982,82.61044167412652,6.310685051812066,100.0,0.18312115884795077,9
continual,0.3,dec3,0.27359374999999997,69.29770872328017,78.45707448323567,76.0640648735894,9.159365759955513,100.0,0.27735947290321006,9
continual,0.4,enc0,0.014492187499999998,15.935700522528755,25.35624101426866,25.28948828379313,9.420540491739908,100.0,0.21792309863951267,9
continual,0.4,enc1,0.022070312499999998,18.085809071858723,33.243772718641495,32.89752581914266,15.157963646782768,100.0,0.49945625197836996,9
continual,0.4,enc2,0.026679687500000004,20.979613410101997,39.125238206651474,38.65988177193535,18.14562479654948,100.0,0.5003602912352124,9
continual,0.4,enc3,0.018046875,23.12304729885525,42.25355656941732,41.854745992024746,19.130509270562065,100.0,0.547152168143021,9
continual,0.4,dec0,0.08929687500000001,58.849451276991104,76.05253516303168,74.8905301835802,17.20308388604058,100.0,0.24967593428750956,9
continual,0.4,dec1,0.04531249999999999,63.8098267449273,82.77244906955295,82.21995997958713,18.962622324625652,100.0,0.21890779815907513,9
continual,0.4,dec2,0.037851562500000005,67.80253177218967,82.97808414035373,82.6540128072103,15.175552368164062,100.0,0.23044593237960598,9
continual,0.4,dec3,0.074375,62.816139221191406,77.28883955213759,75.96401265462241,14.47270033094618,88.88888888888889,0.18837113780448625,9
continual,0.5,enc0,0.00625,10.71891419092814,25.31317075093587,25.14420821931627,14.59425656000773,100.0,0.5034396212557133,9
continual,0.5,enc1,0.008906250000000001,14.735044373406303,33.07175615098741,32.95444477929009,18.336711777581108,100.0,0.6370574740370105,9
continual,0.5,enc2,0.009609375,16.273494084676106,38.87065548366971,38.746805816226534,22.5971613989936,100.0,0.7037231594697047,9
continual,0.5,enc3,0.008124999999999999,19.19005955590142,42.11750793457031,41.732449542151556,22.927448378668892,100.0,0.3901452522225469,9
continual,0.5,dec0,0.05109375000000001,52.96752505832248,75.58101611667209,75.05636263953313,22.61349105834961,100.0,0.2787596862848887,9
continual,0.5,dec1,0.014101562500000003,58.25498496161567,82.42454952663846,82.02358508639865,24.169564565022785,100.0,0.13000603627631532,9
continual,0.5,dec2,0.013828125,62.123656378852,82.73187510172527,82.60498250325521,20.608218722873264,88.88888888888889,0.11379811428993276,9
continual,0.5,dec3,0.025078125,61.25636418660482,76.57306671142578,76.03253661261664,15.316702524820963,88.88888888888889,0.07284049164005905,9
only_hi,0.15,enc0,0.940625,5.3390331798129615,7.354420449998644,5.460859033796522,2.0153872701856823,100.0,0.94880811616544,9
only_hi,0.15,enc1,0.8677734375,6.704473601447211,9.048265245225695,7.030973143047756,2.343791643778483,100.0,0.9117676260318296,9
only_hi,0.15,enc2,0.8166796875000001,7.104049788581,9.797458436754015,7.624494637383354,2.693408648173014,100.0,0.8867422329006575,9
only_hi,0.15,enc3,0.8786328124999999,6.659444544050428,9.222605069478353,6.983456805017259,2.563160525427924,100.0,0.9213062833564822,9
only_hi,0.15,dec0,0.9797265625000001,9.124004152086046,12.594819810655382,9.192654948764376,3.470815658569336,100.0,0.9799596084812566,9
only_hi,0.15,dec1,0.9230859375000001,13.516200383504232,15.75558344523112,13.701046254899767,2.239383061726888,100.0,0.931300312684063,9
only_hi,0.15,dec2,0.9063281249999999,10.951528231302897,13.321298069424099,11.184900161955092,2.3697698381212025,100.0,0.9204200820737675,9
only_hi,0.15,dec3,0.9361328125,8.937485059102377,11.546340518527561,9.110863367716473,2.6088554594251843,100.0,0.9548407448654884,9
only_hi,0.2,enc0,0.5982031250000001,4.94397693210178,6.213060484992133,5.460294953982035,1.2690835528903537,100.0,0.8044514064801978,9
only_hi,0.2,enc1,0.5265234375000001,6.041297859615749,8.080373340182835,7.024972573916116,2.0390754805670843,100.0,0.7896822098294047,9
only_hi,0.2,enc2,0.5156640625,6.400629096561008,8.87731319003635,7.62016940911611,2.476684093475342,100.0,0.8176203073000685,9
only_hi,0.2,enc3,0.5962500000000001,6.052873876359728,8.308778762817383,6.985730746057299,2.255904886457655,100.0,0.8512550734515121,9
only_hi,0.2,dec0,0.8271484375,8.779748227861193,11.190712822808159,9.195508533053927,2.410964594946967,100.0,0.8935617314666937,9
only_hi,0.2,dec1,0.6630859375000001,13.122118843926323,14.804794205559624,13.701356342103745,1.6826753616333008,100.0,0.8170109435634737,9
only_hi,0.2,dec2,0.59734375,10.612494044833714,12.001415464613173,11.177157656351726,1.3889214197794597,100.0,0.819296668597302,9
only_hi,0.2,dec3,0.682734375,8.601715670691597,10.167075898912218,9.118826468785604,1.5653602282206218,100.0,0.8632181018268202,9
only_hi,0.25,enc0,0.2980859375,4.625150256686741,5.8084893226623535,5.461870174937778,1.1833390659756131,100.0,0.7670040054591754,9
only_hi,0.25,enc1,0.29152343750000004,5.415068255530463,7.6739756266276045,7.0212859021292795,2.258907371097141,100.0,0.7923561157001178,9
only_hi,0.25,enc2,0.3021875,5.7399550014072,8.408444616529676,7.619314652019077,2.668489615122477,100.0,0.7821266513791983,9
only_hi,0.25,enc3,0.34957031250000004,5.42366721895006,7.791024843851726,6.99075424671173,2.3673576249016657,100.0,0.7789883600018294,9
only_hi,0.25,dec0,0.6123046875,8.382793691423204,10.496896849738228,9.192865382300482,2.114103158315023,100.0,0.8347375012755281,9
only_hi,0.25,dec1,0.426875,12.908439212375217,14.272113164265951,13.709376144409182,1.3636739518907335,100.0,0.7426064101877095,9
only_hi,0.25,dec2,0.3684765625,10.44677087995741,11.598441123962402,11.170661211013792,1.1516702440049913,100.0,0.751900684645309,9
only_hi,0.25,dec3,0.450859375,8.22428486082289,9.812055375840929,9.117428663041856,1.5877705150180392,100.0,0.8141575657732241,9
only_hi,0.3,enc0,0.1107421875,4.555022133721246,5.582505226135254,5.462920321358575,1.0274830924140081,100.0,0.5212009372887378,9
only_hi,0.3,enc1,0.16421875,4.980910460154216,7.42199510998196,7.017533185746935,2.4410846498277454,100.0,0.7298601065347688,9
only_hi,0.3,enc2,0.15683593750000002,5.207528432210286,8.047792752583822,7.620728990766738,2.840264320373535,100.0,0.7036102849153557,9
only_hi,0.3,enc3,0.17531249999999998,4.875985887315538,7.410079002380371,6.971401267581516,2.5340931150648327,100.0,0.7375952750022985,9
only_hi,0.3,dec0,0.449609375,8.080246713426378,10.108656459384495,9.195491218566895,2.0284097459581165,100.0,0.8109303108327659,9
only_hi,0.3,dec1,0.2618359375,12.89947944217258,13.972535663180881,13.70139740837945,1.0730562210083008,100.0,0.6711958340831073,9
only_hi,0.3,dec2,0.2272265625,10.273949729071724,11.439171155293783,11.182232756084865,1.1652214262220595,100.0,0.6933303003512699,9
only_hi,0.3,dec3,0.3004296875,7.731511063045925,9.67341391245524,9.132511223687068,1.9419028494093153,100.0,0.7730450459626124,9
only_hi,0.4,enc0,0.0166015625,3.552536620034112,5.492134147220188,5.491412875387403,1.939597527186076,100.0,0.3975517286339176,9
only_hi,0.4,enc1,0.029218750000000005,4.448518064286974,7.1047253078884545,7.056595383750068,2.656207243601481,100.0,0.8164427442949509,9
only_hi,0.4,enc2,0.037148437500000006,4.5114237202538385,7.737229082319471,7.589827974637349,3.2258053620656333,100.0,0.772414289501609,9
only_hi,0.4,enc3,0.0273046875,3.664497905307346,7.073133256700304,7.0008967929416235,3.4086353513929577,100.0,0.8133676476897382,9
only_hi,0.4,dec0,0.284296875,7.248628404405382,9.977299160427517,9.195391925175986,2.7286707560221353,100.0,0.7879383993895821,9
only_hi,0.4,dec1,0.11558593750000001,12.164974530537924,13.89436764187283,13.628194909625584,1.7293931113349066,100.0,0.6429682225282763,9
only_hi,0.4,dec2,0.069140625,9.493609269460043,11.297630416022407,11.163553338580662,1.8040211465623643,88.88888888888889,0.5587311184926089,9
only_hi,0.4,dec3,0.11867187499999998,6.863914383782281,9.39331489139133,9.079300938712226,2.5294005076090493,100.0,0.6754879537630014,9
only_hi,0.5,enc0,0.0080078125,2.8288432227240667,5.481923739115397,5.462004293335809,2.6530805163913302,100.0,0.8406760546973824,9
only_hi,0.5,enc1,0.014101562500000001,4.301019509633382,7.065458827548557,6.9740795029534235,2.7644393179151745,100.0,0.7627924891518519,9
only_hi,0.5,enc2,0.015546874999999998,3.629288090599908,7.679671075608995,7.633793587154813,4.0503829850090876,100.0,0.8304642319619278,9
only_hi,0.5,enc3,0.015195312499999997,2.9829931524064808,7.043605274624294,6.973850181367663,4.060612122217814,100.0,0.8519666357244172,9
only_hi,0.5,dec0,0.1746875,6.404382970598009,9.791757901509603,9.207685179180569,3.387374930911594,100.0,0.7477319618845353,9
only_hi,0.5,dec1,0.031093749999999996,11.445940653483072,13.775511741638184,13.844195948706734,2.329571088155111,100.0,0.4874031438519963,9
only_hi,0.5,dec2,0.018359375,7.809167650010851,11.237123277452257,11.1871195157369,3.4279556274414062,100.0,0.567610025459319,9
only_hi,0.5,dec3,0.04234375,5.701354397667779,9.248613463507759,9.061093693309362,3.547259065839979,100.0,0.6010819845769371,9
