run,from_phase,to_phase,from_lang,to_lang,layer,tau,n_self,n_task,self_change,task_change,random_change,separation,sep_vs_random
only_yo,0,1,hi,yo,enc0,0.3,594,1454,23.972639083862305,33.25827407836914,30.56062955856323,9.285634994506836,6.587990474700927
only_yo,0,1,hi,yo,enc0,0.4,76,1972,17.519332885742188,31.067852020263672,30.35777416229248,13.548519134521484,12.838441276550292
only_yo,0,1,hi,yo,enc0,0.5,48,2000,15.700723648071289,30.921823501586914,30.447087860107423,15.221099853515625,14.746364212036134
only_yo,0,1,hi,yo,enc0,0.6,16,2032,12.025287628173828,30.7110595703125,30.981200790405275,18.685771942138672,18.955913162231447
only_yo,0,1,hi,yo,enc0,0.7,9,2039,10.332026481628418,30.65438461303711,30.51262331008911,20.32235813140869,20.180596828460693
only_yo,0,1,hi,yo,enc1,0.3,738,1310,41.007320404052734,53.44248580932617,49.07245101928711,12.435165405273438,8.065130615234374
only_yo,0,1,hi,yo,enc1,0.4,156,1892,33.8026237487793,50.211334228515625,48.75427722930908,16.408710479736328,14.951653480529785
only_yo,0,1,hi,yo,enc1,0.5,48,2000,81.7527847290039,48.174461364746094,48.74699401855469,-33.57832336425781,-33.00579071044922
only_yo,0,1,hi,yo,enc1,0.6,47,2001,81.73609161376953,48.19163513183594,48.85586681365967,-33.544456481933594,-32.880224800109865
only_yo,0,1,hi,yo,enc1,0.7,40,2008,81.83123016357422,48.306678771972656,50.12915744781494,-33.52455139160156,-31.70207271575928
only_yo,0,1,hi,yo,enc2,0.3,655,1393,50.65300750732422,61.01338195800781,57.80120162963867,10.360374450683594,7.14819412231445
only_yo,0,1,hi,yo,enc2,0.4,127,1921,48.04606628417969,58.338111877441406,57.11676292419433,10.292045593261719,9.070696640014646
only_yo,0,1,hi,yo,enc2,0.5,30,2018,42.27880096435547,57.929134368896484,57.19423007965088,15.650333404541016,14.91542911529541
only_yo,0,1,hi,yo,enc2,0.6,14,2034,38.16792678833008,57.834327697753906,57.00993671417236,19.666400909423828,18.842009925842284
only_yo,0,1,hi,yo,enc2,0.7,6,2042,26.51800537109375,57.791500091552734,60.59698085784912,31.273494720458984,34.07897548675537
only_yo,0,1,hi,yo,dec0,0.3,582,1466,66.2801742553711,71.40115356445312,70.05430946350097,5.120979309082031,3.774135208129877
only_yo,0,1,hi,yo,dec0,0.4,145,1903,62.71385192871094,70.49691772460938,69.73224792480468,7.7830657958984375,7.018395996093744
only_yo,0,1,hi,yo,dec0,0.5,27,2021,51.259681701660156,70.19551086425781,69.54597396850586,18.935829162597656,18.286292266845706
only_yo,0,1,hi,yo,dec0,0.6,6,2042,35.778358459472656,70.04627227783203,68.96197299957275,34.267913818359375,33.183614540100095
only_yo,0,1,hi,yo,dec0,0.7,4,2044,27.996740341186523,70.02796173095703,70.0903829574585,42.03122138977051,42.09364261627198
only_yo,0,1,hi,yo,dec1,0.3,484,1564,76.2773208618164,80.40489196777344,79.48712768554688,4.127571105957031,3.2098068237304744
only_yo,0,1,hi,yo,dec1,0.4,51,1997,76.26019287109375,79.51036834716797,79.34869995117188,3.2501754760742188,3.0885070800781307
only_yo,0,1,hi,yo,dec1,0.5,22,2026,54.06064224243164,79.70491027832031,78.9354808807373,25.644268035888672,24.87483863830566
only_yo,0,1,hi,yo,dec1,0.6,15,2033,47.582984924316406,79.66439819335938,78.25270385742188,32.08141326904297,30.66971893310547
only_yo,0,1,hi,yo,dec1,0.7,8,2040,39.16827392578125,79.58731842041016,78.32496852874756,40.419044494628906,39.15669460296631
only_yo,0,1,hi,yo,dec2,0.3,850,1198,66.16852569580078,75.3013687133789,71.46374244689942,9.132843017578125,5.295216751098636
only_yo,0,1,hi,yo,dec2,0.4,314,1734,58.887123107910156,73.7968521118164,71.45343551635742,14.90972900390625,12.56631240844726
only_yo,0,1,hi,yo,dec2,0.5,91,1957,50.41172409057617,72.49198913574219,71.55029411315918,22.080265045166016,21.13857002258301
only_yo,0,1,hi,yo,dec2,0.6,23,2025,43.93851852416992,71.82405090332031,72.33069725036621,27.88553237915039,28.392178726196292
only_yo,0,1,hi,yo,dec2,0.7,5,2043,48.176002502441406,71.5679931640625,71.98371143341065,23.391990661621094,23.80770893096924
only_yo,1,2,yo,yo,enc0,0.3,583,1465,2.0119926929473877,2.7602899074554443,2.54521107673645,0.7482972145080566,0.5332183837890625
only_yo,1,2,yo,yo,enc0,0.4,76,1972,1.5390938520431519,2.586127996444702,2.51570965051651,1.0470341444015503,0.9766157984733583
only_yo,1,2,yo,yo,enc0,0.5,47,2001,1.310259222984314,2.576328992843628,2.549599325656891,1.266069769859314,1.239340102672577
only_yo,1,2,yo,yo,enc0,0.6,16,2032,1.1543586254119873,2.558241367340088,2.543468403816223,1.4038827419281006,1.3891097784042357
only_yo,1,2,yo,yo,enc0,0.7,9,2039,1.1237198114395142,2.5535573959350586,2.3493107557296753,1.4298375844955444,1.2255909442901611
only_yo,1,2,yo,yo,enc1,0.3,683,1365,2.8852381706237793,4.1707563400268555,3.7296527147293093,1.2855181694030762,0.84441454410553
only_yo,1,2,yo,yo,enc1,0.4,91,1957,1.9370046854019165,3.825974464416504,3.6973818063735964,1.8889697790145874,1.7603771209716799
only_yo,1,2,yo,yo,enc1,0.5,45,2003,7.187854290008545,3.664626359939575,3.7661550760269167,-3.5232279300689697,-3.4216992139816282
only_yo,1,2,yo,yo,enc1,0.6,43,2005,7.046941757202148,3.6711628437042236,3.784348201751709,-3.375778913497925,-3.2625935554504393
only_yo,1,2,yo,yo,enc1,0.7,39,2009,5.931978702545166,3.699528455734253,3.7257261872291565,-2.232450246810913,-2.2062525153160095
only_yo,1,2,yo,yo,enc2,0.3,556,1492,2.931980848312378,4.960059642791748,4.406664085388184,2.02807879447937,1.4746832370758058
only_yo,1,2,yo,yo,enc2,0.4,115,1933,2.3670339584350586,4.530978202819824,4.422741985321045,2.1639442443847656,2.055708026885986
only_yo,1,2,yo,yo,enc2,0.5,28,2020,2.140897512435913,4.440913200378418,4.378457617759705,2.300015687942505,2.2375601053237917
only_yo,1,2,yo,yo,enc2,0.6,10,2038,1.7323999404907227,4.422603130340576,4.5827125906944275,2.6902031898498535,2.850312650203705
only_yo,1,2,yo,yo,enc2,0.7,5,2043,1.497418999671936,4.4165940284729,4.188088238239288,2.9191750288009644,2.6906692385673523
only_yo,1,2,yo,yo,dec0,0.3,529,1519,5.423762798309326,5.878805637359619,5.767368578910828,0.45504283905029297,0.3436057806015018
only_yo,1,2,yo,yo,dec0,0.4,141,1907,5.401278972625732,5.7878851890563965,5.75243649482727,0.38660621643066406,0.35115752220153773
only_yo,1,2,yo,yo,dec0,0.5,21,2027,3.9132871627807617,5.780413627624512,5.8415717601776125,1.86712646484375,1.9282845973968508
only_yo,1,2,yo,yo,dec0,0.6,5,2043,2.4764561653137207,5.769307613372803,5.6806650280952455,3.292851448059082,3.204208862781525
only_yo,1,2,yo,yo,dec0,0.7,4,2044,2.439561367034912,5.767768383026123,5.883131790161133,3.328207015991211,3.4435704231262205
only_yo,1,2,yo,yo,dec1,0.3,402,1646,6.458978176116943,8.471639633178711,8.055140376091003,2.0126614570617676,1.59616219997406
only_yo,1,2,yo,yo,dec1,0.4,34,2014,6.539130687713623,8.102531433105469,8.008432483673095,1.5634007453918457,1.4693017959594723
only_yo,1,2,yo,yo,dec1,0.5,16,2032,3.564714193344116,8.112102508544922,7.862136483192444,4.547388315200806,4.297422289848328
only_yo,1,2,yo,yo,dec1,0.6,10,2038,2.6797401905059814,8.103056907653809,7.84355480670929,5.423316717147827,5.163814616203308
only_yo,1,2,yo,yo,dec1,0.7,8,2040,2.492725133895874,8.098474502563477,8.538894939422608,5.6057493686676025,6.046169805526734
only_yo,1,2,yo,yo,dec2,0.3,710,1338,4.882848262786865,7.005765914916992,6.264022755622864,2.122917652130127,1.3811744928359984
only_yo,1,2,yo,yo,dec2,0.4,273,1775,4.006923675537109,6.617829322814941,6.257872247695923,2.610905647277832,2.250948572158814
only_yo,1,2,yo,yo,dec2,0.5,64,1984,3.171015739440918,6.369753837585449,6.302920174598694,3.1987380981445312,3.131904435157776
only_yo,1,2,yo,yo,dec2,0.6,19,2029,2.524597644805908,6.304864406585693,6.242859935760498,3.780266761779785,3.7182622909545895
only_yo,1,2,yo,yo,dec2,0.7,4,2044,2.627110481262207,6.27692174911499,6.093751668930054,3.649811267852783,3.4666411876678467
only_yo,2,3,yo,yo,enc0,0.3,504,1544,1.7315424680709839,2.4644901752471924,2.2851611852645872,0.7329477071762085,0.5536187171936033
only_yo,2,3,yo,yo,enc0,0.4,76,1972,1.3349435329437256,2.320697069168091,2.280217480659485,0.9857535362243652,0.9452739477157595
only_yo,2,3,yo,yo,enc0,0.5,45,2003,1.1512219905853271,2.309568166732788,2.289589321613312,1.158346176147461,1.1383673310279847
only_yo,2,3,yo,yo,enc0,0.6,11,2037,1.1133828163146973,2.290438413619995,2.304526889324188,1.1770555973052979,1.1911440730094909
only_yo,2,3,yo,yo,enc0,0.7,7,2041,0.8340972065925598,2.2890892028808594,2.3372843265533447,1.4549919962882996,1.503187119960785
only_yo,2,3,yo,yo,enc1,0.3,635,1413,2.96356201171875,3.719212293624878,3.485197901725769,0.7556502819061279,0.521635890007019
only_yo,2,3,yo,yo,enc1,0.4,75,1973,1.7034794092178345,3.5526344776153564,3.460311484336853,1.849155068397522,1.7568320751190187
only_yo,2,3,yo,yo,enc1,0.5,38,2010,7.961483001708984,3.400284767150879,3.426743447780609,-4.5611982345581055,-4.534739553928375
only_yo,2,3,yo,yo,enc1,0.6,34,2014,6.999545097351074,3.4255828857421875,3.5593107104301454,-3.5739622116088867,-3.440234386920929
only_yo,2,3,yo,yo,enc1,0.7,29,2019,5.745795726776123,3.452441930770874,3.544469118118286,-2.293353796005249,-2.201326608657837
only_yo,2,3,yo,yo,enc2,0.3,495,1553,2.56070876121521,4.328391075134277,3.914395773410797,1.7676823139190674,1.353687012195587
only_yo,2,3,yo,yo,enc2,0.4,101,1947,2.1300363540649414,3.993018865585327,3.858979594707489,1.8629825115203857,1.7289432406425478
only_yo,2,3,yo,yo,enc2,0.5,24,2024,1.787819266319275,3.9262027740478516,3.880853796005249,2.1383835077285767,2.093034529685974
only_yo,2,3,yo,yo,enc2,0.6,9,2039,1.4914162158966064,3.9117798805236816,3.943573832511902,2.420363664627075,2.4521576166152954
only_yo,2,3,yo,yo,enc2,0.7,5,2043,1.3593041896820068,3.9073643684387207,3.8044931173324583,2.548060178756714,2.4451889276504515
only_yo,2,3,yo,yo,dec0,0.3,539,1509,4.763236999511719,5.283108711242676,5.163745903968811,0.519871711730957,0.40050890445709264
only_yo,2,3,yo,yo,dec0,0.4,147,1901,4.343181133270264,5.208389759063721,5.125048375129699,0.865208625793457,0.7818672418594357
only_yo,2,3,yo,yo,dec0,0.5,41,2007,2.998792886734009,5.190157413482666,5.183883237838745,2.1913645267486572,2.185090351104736
only_yo,2,3,yo,yo,dec0,0.6,5,2043,1.8986272811889648,5.154235363006592,4.998815143108368,3.255608081817627,3.1001878619194034
only_yo,2,3,yo,yo,dec0,0.7,4,2044,1.6892285346984863,5.153052806854248,5.072860324382782,3.4638242721557617,3.383631789684296
only_yo,2,3,yo,yo,dec1,0.3,338,1710,5.280580043792725,7.526595592498779,7.132364940643311,2.2460155487060547,1.8517848968505861
only_yo,2,3,yo,yo,dec1,0.4,30,2018,5.334497451782227,7.182993412017822,7.048197245597839,1.8484959602355957,1.7136997938156124
only_yo,2,3,yo,yo,dec1,0.5,15,2033,2.7673792839050293,7.188295364379883,6.961011171340942,4.4209160804748535,4.193631887435913
only_yo,2,3,yo,yo,dec1,0.6,10,2038,2.2540347576141357,7.179968357086182,7.256326222419739,4.925933599472046,5.002291464805603
only_yo,2,3,yo,yo,dec1,0.7,6,2042,1.8281726837158203,7.17156982421875,7.332452726364136,5.34339714050293,5.504280042648316
only_yo,2,3,yo,yo,dec2,0.3,679,1369,4.3983869552612305,6.3999409675598145,5.724198317527771,2.001554012298584,1.3258113622665402
only_yo,2,3,yo,yo,dec2,0.4,257,1791,3.603991985321045,6.04232120513916,5.739583849906921,2.4383292198181152,2.1355918645858765
only_yo,2,3,yo,yo,dec2,0.5,64,1984,2.8791277408599854,5.828507900238037,5.755315494537354,2.9493801593780518,2.8761877536773683
only_yo,2,3,yo,yo,dec2,0.6,16,2032,2.307036876678467,5.763342380523682,5.595045471191407,3.456305503845215,3.28800859451294
only_yo,2,3,yo,yo,dec2,0.7,4,2044,2.4609789848327637,5.742749214172363,5.749552488327026,3.2817702293395996,3.2885735034942627
only_yo,3,4,yo,yo,enc0,0.3,474,1574,1.6328622102737427,2.3336496353149414,2.174879479408264,0.7007874250411987,0.5420172691345213
only_yo,3,4,yo,yo,enc0,0.4,83,1965,1.6214672327041626,2.1946868896484375,2.174277639389038,0.5732196569442749,0.5528104066848756
only_yo,3,4,yo,yo,enc0,0.5,39,2009,1.066515564918518,2.192905902862549,2.212528395652771,1.1263903379440308,1.1460128307342528
only_yo,3,4,yo,yo,enc0,0.6,11,2037,1.0757273435592651,2.177372932434082,2.1822521507740023,1.101645588874817,1.1065248072147371
only_yo,3,4,yo,yo,enc0,0.7,7,2041,0.8310420513153076,2.176053047180176,2.1489573776721955,1.3450109958648682,1.317915326356888
only_yo,3,4,yo,yo,enc1,0.3,582,1466,2.9229962825775146,3.562577724456787,3.4487907886505127,0.6395814418792725,0.525794506072998
only_yo,3,4,yo,yo,enc1,0.4,61,1987,1.6057090759277344,3.435316562652588,3.406854677200317,1.8296074867248535,1.8011456012725828
only_yo,3,4,yo,yo,enc1,0.5,28,2020,10.282875061035156,3.285149574279785,3.353049266338348,-6.997725486755371,-6.929825794696808
only_yo,3,4,yo,yo,enc1,0.6,27,2021,9.007883071899414,3.30564546585083,3.318234610557556,-5.702237606048584,-5.689648461341858
only_yo,3,4,yo,yo,enc1,0.7,26,2022,8.829240798950195,3.310762643814087,3.6414570450782775,-5.518478155136108,-5.187783753871917
only_yo,3,4,yo,yo,enc2,0.3,394,1654,2.465564012527466,4.02556848526001,3.71875604391098,1.560004472732544,1.2531920313835143
only_yo,3,4,yo,yo,enc2,0.4,94,1954,2.046599864959717,3.806213855743408,3.6893081665039062,1.7596139907836914,1.6427083015441895
only_yo,3,4,yo,yo,enc2,0.5,20,2028,1.7605012655258179,3.744828224182129,3.768658626079559,1.984326958656311,2.0081573605537413
only_yo,3,4,yo,yo,enc2,0.6,9,2039,1.5015337467193604,3.7352664470672607,3.7930102229118345,2.2337327003479004,2.291476476192474
only_yo,3,4,yo,yo,enc2,0.7,4,2044,1.2265264987945557,3.7303404808044434,3.7751903414726256,2.5038139820098877,2.54866384267807
only_yo,3,4,yo,yo,dec0,0.3,549,1499,4.631523609161377,5.031765460968018,4.959972882270813,0.4002418518066406,0.3284492731094364
only_yo,3,4,yo,yo,dec0,0.4,167,1881,4.277556419372559,4.981908798217773,4.95562641620636,0.7043523788452148,0.6780699968338011
only_yo,3,4,yo,yo,dec0,0.5,28,2020,3.2771012783050537,4.947309494018555,4.949273681640625,1.670208215713501,1.672172403335571
only_yo,3,4,yo,yo,dec0,0.6,6,2042,2.452855348587036,4.931735992431641,5.113386189937591,2.4788806438446045,2.660530841350555
only_yo,3,4,yo,yo,dec0,0.7,4,2044,1.9376903772354126,4.930319309234619,4.694814765453339,2.9926289319992065,2.7571243882179264
only_yo,3,4,yo,yo,dec1,0.3,290,1758,5.50944185256958,7.257975101470947,7.043275642395019,1.7485332489013672,1.5338337898254393
only_yo,3,4,yo,yo,dec1,0.4,32,2016,5.717896461486816,7.030896186828613,6.994145750999451,1.3129997253417969,1.2762492895126343
only_yo,3,4,yo,yo,dec1,0.5,13,2035,2.846989154815674,7.0369768142700195,7.205935597419739,4.189987659454346,4.358946442604065
only_yo,3,4,yo,yo,dec1,0.6,10,2038,2.6108932495117188,7.031967639923096,7.051866769790649,4.421074390411377,4.440973520278931
only_yo,3,4,yo,yo,dec1,0.7,6,2042,2.2860429286956787,7.024261951446533,7.396597051620484,4.7382190227508545,5.110554122924805
only_yo,3,4,yo,yo,dec2,0.3,659,1389,4.137353897094727,6.115955352783203,5.488232874870301,1.9786014556884766,1.350878977775574
only_yo,3,4,yo,yo,dec2,0.4,238,1810,3.358410596847534,5.758163928985596,5.534534597396851,2.3997533321380615,2.1761240005493168
only_yo,3,4,yo,yo,dec2,0.5,63,1985,2.6774425506591797,5.568212032318115,5.456324815750122,2.8907694816589355,2.7788822650909424
only_yo,3,4,yo,yo,dec2,0.6,17,2031,2.298671007156372,5.505908966064453,5.436009001731873,3.207237958908081,3.1373379945755007
only_yo,3,4,yo,yo,dec2,0.7,4,2044,3.6224887371063232,5.482920169830322,5.736912894248962,1.860431432723999,2.114424157142639
only_yo,4,5,yo,yo,enc0,0.3,484,1564,1.6094528436660767,2.3141698837280273,2.1465944409370423,0.7047170400619507,0.5371415972709657
only_yo,4,5,yo,yo,enc0,0.4,83,1965,1.5916141271591187,2.1711108684539795,2.1642062187194826,0.5794967412948608,0.572592091560364
only_yo,4,5,yo,yo,enc0,0.5,27,2021,1.0754207372665405,2.161949634552002,2.1904398262500764,1.0865288972854614,1.1150190889835359
only_yo,4,5,yo,yo,enc0,0.6,11,2037,1.1489673852920532,2.1530182361602783,2.123583823442459,1.004050850868225,0.9746164381504059
only_yo,4,5,yo,yo,enc0,0.7,9,2039,1.0552088022232056,2.15244722366333,2.118643057346344,1.0972384214401245,1.0634342551231386
only_yo,4,5,yo,yo,enc1,0.3,557,1491,2.9908194541931152,3.4183764457702637,3.3450575828552247,0.42755699157714844,0.35423812866210946
only_yo,4,5,yo,yo,enc1,0.4,53,1995,1.5876513719558716,3.3476390838623047,3.2311028957366945,1.759987711906433,1.643451523780823
only_yo,4,5,yo,yo,enc1,0.5,28,2020,12.234884262084961,3.178271770477295,3.41306871175766,-9.056612491607666,-8.821815550327301
only_yo,4,5,yo,yo,enc1,0.6,24,2024,11.03582763671875,3.210388660430908,3.3503939628601076,-7.825438976287842,-7.685433673858642
only_yo,4,5,yo,yo,enc1,0.7,18,2030,7.678122520446777,3.2632904052734375,3.4467515468597414,-4.41483211517334,-4.231370973587036
only_yo,4,5,yo,yo,enc2,0.3,364,1684,2.3943731784820557,3.9116299152374268,3.6313505291938784,1.517256736755371,1.2369773507118227
only_yo,4,5,yo,yo,enc2,0.4,91,1957,1.9871498346328735,3.71890926361084,3.6986602902412415,1.7317594289779663,1.711510455608368
only_yo,4,5,yo,yo,enc2,0.5,21,2027,1.6342490911483765,3.6627612113952637,3.4904538869857786,2.028512120246887,1.8562047958374022
only_yo,4,5,yo,yo,enc2,0.6,8,2040,1.4458938837051392,3.650573492050171,3.570899188518524,2.2046796083450317,2.125005304813385
only_yo,4,5,yo,yo,enc2,0.7,4,2044,1.2120141983032227,3.646716594696045,3.516527831554413,2.4347023963928223,2.30451363325119
only_yo,4,5,yo,yo,dec0,0.3,447,1601,4.850620746612549,4.822504043579102,4.827087020874023,-0.028116703033447266,-0.023533725738525746
only_yo,4,5,yo,yo,dec0,0.4,185,1863,4.054354667663574,4.905529022216797,4.8230640411376955,0.8511743545532227,0.7687093734741213
only_yo,4,5,yo,yo,dec0,0.5,27,2021,3.031431198120117,4.852651119232178,4.881024742126465,1.8212199211120605,1.849593544006348
only_yo,4,5,yo,yo,dec0,0.6,5,2043,1.8104088306427002,4.836027145385742,4.757417333126068,3.025618314743042,2.947008502483368
only_yo,4,5,yo,yo,dec0,0.7,4,2044,1.6652717590332031,4.8348307609558105,4.846560990810394,3.1695590019226074,3.181289231777191
only_yo,4,5,yo,yo,dec1,0.3,279,1769,5.349675178527832,7.436429977416992,7.15277407169342,2.08675479888916,1.803098893165588
only_yo,4,5,yo,yo,dec1,0.4,28,2020,5.415788173675537,7.176218509674072,6.938897562026978,1.7604303359985352,1.5231093883514406
only_yo,4,5,yo,yo,dec1,0.5,13,2035,4.51018762588501,7.169027328491211,7.438692426681518,2.658839702606201,2.9285048007965084
only_yo,4,5,yo,yo,dec1,0.6,8,2040,2.293100118637085,7.171205520629883,7.503234195709228,4.878105401992798,5.210134077072143
only_yo,4,5,yo,yo,dec1,0.7,7,2041,2.243114471435547,7.1689863204956055,7.276501798629761,4.925871849060059,5.033387327194214
only_yo,4,5,yo,yo,dec2,0.3,615,1433,4.197914123535156,6.202052116394043,5.6133606195449826,2.0041379928588867,1.4154464960098263
only_yo,4,5,yo,yo,dec2,0.4,213,1835,3.4352574348449707,5.85152530670166,5.5714006423950195,2.4162678718566895,2.136143207550049
only_yo,4,5,yo,yo,dec2,0.5,60,1988,2.8591437339782715,5.682952404022217,5.471286392211914,2.8238086700439453,2.6121426582336422
only_yo,4,5,yo,yo,dec2,0.6,18,2030,2.3569421768188477,5.628982067108154,5.641755080223083,3.2720398902893066,3.2848129034042355
only_yo,4,5,yo,yo,dec2,0.7,4,2044,1.9346163272857666,5.607397079467773,5.632258105278015,3.672780752182007,3.6976417779922484
only_yo,5,6,yo,yo,enc0,0.3,441,1607,1.6537941694259644,2.3076510429382324,2.1720337986946108,0.6538568735122681,0.5182396292686464
only_yo,5,6,yo,yo,enc0,0.4,83,1965,1.880722165107727,2.178940534591675,2.174613857269287,0.29821836948394775,0.29389169216155997
only_yo,5,6,yo,yo,enc0,0.5,31,2017,1.1927753686904907,2.181825637817383,2.1240244269371034,0.9890502691268921,0.9312490582466126
only_yo,5,6,yo,yo,enc0,0.6,10,2038,1.2199318408966064,2.1715009212493896,2.1215731143951415,0.9515690803527832,0.9016412734985351
only_yo,5,6,yo,yo,enc0,0.7,6,2042,0.9177228212356567,2.170524835586548,2.134489971399307,1.2528020143508911,1.2167671501636503
only_yo,5,6,yo,yo,enc1,0.3,512,1536,3.314671516418457,3.5551583766937256,3.4873045563697813,0.24048686027526855,0.17263303995132429
only_yo,5,6,yo,yo,enc1,0.4,29,2019,1.8319941759109497,3.518923759460449,3.4818492770195006,1.6869295835494995,1.649855101108551
only_yo,5,6,yo,yo,enc1,0.5,22,2026,15.62073040008545,3.363365888595581,3.2636521100997924,-12.257364511489868,-12.357078289985656
only_yo,5,6,yo,yo,enc1,0.6,19,2029,15.214956283569336,3.385288953781128,3.5983514308929445,-11.829667329788208,-11.616604852676392
only_yo,5,6,yo,yo,enc1,0.7,17,2031,14.847854614257812,3.400010824203491,3.8179166078567506,-11.447843790054321,-11.029938006401062
only_yo,5,6,yo,yo,enc2,0.3,315,1733,2.413466691970825,3.9807305335998535,3.674022102355957,1.5672638416290283,1.2605554103851317
only_yo,5,6,yo,yo,enc2,0.4,81,1967,1.9709573984146118,3.8125064373016357,3.7408548831939696,1.841549038887024,1.7698974847793578
only_yo,5,6,yo,yo,enc2,0.5,14,2034,1.7243876457214355,3.7535433769226074,3.6761549949645995,2.029155731201172,1.951767349243164
only_yo,5,6,yo,yo,enc2,0.6,7,2041,1.4470270872116089,3.747534990310669,3.5698699355125427,2.30050790309906,2.122842848300934
only_yo,5,6,yo,yo,enc2,0.7,4,2044,1.157881259918213,3.7447245121002197,3.4565070271492004,2.586843252182007,2.2986257672309875
only_yo,5,6,yo,yo,dec0,0.3,545,1503,4.602303981781006,5.099123954772949,4.991448950767517,0.49681997299194336,0.3891449689865114
only_yo,5,6,yo,yo,dec0,0.4,204,1844,4.252078533172607,5.045995235443115,4.944876980781555,0.7939167022705078,0.6927984476089479
only_yo,5,6,yo,yo,dec0,0.5,40,2008,4.435392379760742,4.977502346038818,5.035800170898438,0.5421099662780762,0.6004077911376955
only_yo,5,6,yo,yo,dec0,0.6,6,2042,2.3651371002197266,4.974558353424072,4.844177484512329,2.6094212532043457,2.4790403842926025
only_yo,5,6,yo,yo,dec0,0.7,3,2045,1.8566569089889526,4.9714765548706055,5.136664807796478,3.114819645881653,3.2800078988075256
only_yo,5,6,yo,yo,dec1,0.3,256,1792,5.359631538391113,7.464460372924805,7.181911492347718,2.1048288345336914,1.8222799539566044
only_yo,5,6,yo,yo,dec1,0.4,22,2026,5.633070468902588,7.218386173248291,7.068342757225037,1.5853157043457031,1.435272288322449
only_yo,5,6,yo,yo,dec1,0.5,12,2036,2.698420524597168,7.227896213531494,7.270070576667786,4.529475688934326,4.571650052070618
only_yo,5,6,yo,yo,dec1,0.6,9,2039,2.375692844390869,7.222657203674316,7.086019849777221,4.846964359283447,4.710327005386352
only_yo,5,6,yo,yo,dec1,0.7,6,2042,2.0246129035949707,7.216566562652588,7.276155853271485,5.191953659057617,5.251542949676514
only_yo,5,6,yo,yo,dec2,0.3,621,1427,4.148510456085205,6.176181793212891,5.539271497726441,2.0276713371276855,1.3907610416412357
only_yo,5,6,yo,yo,dec2,0.4,226,1822,3.4869585037231445,5.818652629852295,5.544521641731262,2.3316941261291504,2.057563138008118
only_yo,5,6,yo,yo,dec2,0.5,61,1987,2.773228168487549,5.646940231323242,5.510085034370422,2.8737120628356934,2.7368568658828734
only_yo,5,6,yo,yo,dec2,0.6,16,2032,2.360414505004883,5.586550712585449,5.571131777763367,3.2261362075805664,3.210717272758484
only_yo,5,6,yo,yo,dec2,0.7,4,2044,2.0935802459716797,5.568132400512695,5.479998910427094,3.4745521545410156,3.386418664455414
only_yo,6,7,yo,yo,enc0,0.3,465,1583,1.677614450454712,2.3277502059936523,2.1681731700897218,0.6501357555389404,0.49055871963500985
only_yo,6,7,yo,yo,enc0,0.4,84,1964,1.7641265392303467,2.1979293823242188,2.170047426223755,0.43380284309387207,0.4059208869934081
only_yo,6,7,yo,yo,enc0,0.5,23,2025,1.3823978900909424,2.189197301864624,2.217815691232681,0.8067994117736816,0.8354178011417388
only_yo,6,7,yo,yo,enc0,0.6,11,2037,1.188433289527893,2.1854915618896484,2.2084057688713075,0.9970582723617554,1.0199724793434144
only_yo,6,7,yo,yo,enc0,0.7,7,2041,0.9566417932510376,2.1843326091766357,2.1236714720726013,1.2276908159255981,1.1670296788215637
only_yo,6,7,yo,yo,enc1,0.3,462,1586,3.1619956493377686,3.490436553955078,3.435126042366028,0.32844090461730957,0.27313039302825937
only_yo,6,7,yo,yo,enc1,0.4,36,2012,1.6764469146728516,3.4474761486053467,3.544271695613861,1.7710292339324951,1.8678247809410093
only_yo,6,7,yo,yo,enc1,0.5,18,2030,14.97252082824707,3.3138763904571533,3.433536684513092,-11.658644437789917,-11.538984143733979
only_yo,6,7,yo,yo,enc1,0.6,8,2040,10.112691879272461,3.390084981918335,3.5826077222824098,-6.722606897354126,-6.530084156990052
only_yo,6,7,yo,yo,enc1,0.7,7,2041,9.223010063171387,3.3964297771453857,3.2866259276866914,-5.826580286026001,-5.936384135484696
only_yo,6,7,yo,yo,enc2,0.3,309,1739,2.3756840229034424,3.993535041809082,3.8105323791503904,1.6178510189056396,1.434848356246948
only_yo,6,7,yo,yo,enc2,0.4,82,1966,2.0428555011749268,3.820615291595459,3.8539737462997437,1.7777597904205322,1.811118245124817
only_yo,6,7,yo,yo,enc2,0.5,14,2034,1.7788687944412231,3.7629988193511963,3.979789066314697,1.9841300249099731,2.200920271873474
only_yo,6,7,yo,yo,enc2,0.6,5,2043,1.2353540658950806,3.7555882930755615,3.612100827693939,2.520234227180481,2.3767467617988585
only_yo,6,7,yo,yo,enc2,0.7,4,2044,1.270914077758789,3.7542855739593506,4.518998551368713,2.4833714962005615,3.248084473609924
only_yo,6,7,yo,yo,dec0,0.3,560,1488,4.450320243835449,5.08590841293335,4.9406963109970095,0.6355881690979004,0.49037606716156024
only_yo,6,7,yo,yo,dec0,0.4,222,1826,4.135283470153809,5.006560325622559,4.907697105407715,0.87127685546875,0.7724136352539066
only_yo,6,7,yo,yo,dec0,0.5,48,2000,3.937753200531006,4.93549919128418,4.886180710792542,0.9977459907531738,0.9484275102615358
only_yo,6,7,yo,yo,dec0,0.6,10,2038,3.3367249965667725,4.919845104217529,4.938235414028168,1.5831201076507568,1.6015104174613954
only_yo,6,7,yo,yo,dec0,0.7,2,2046,2.631852149963379,4.914344310760498,4.6150432348251345,2.282492160797119,1.9831910848617555
only_yo,6,7,yo,yo,dec1,0.3,182,1866,5.829102516174316,7.3318305015563965,7.227328681945801,1.50272798538208,1.3982261657714847
only_yo,6,7,yo,yo,dec1,0.4,34,2014,5.88372278213501,7.220479965209961,7.307759761810303,1.3367571830749512,1.424036979675293
only_yo,6,7,yo,yo,dec1,0.5,13,2035,2.846947193145752,7.226085186004639,7.342244052886963,4.379137992858887,4.495296859741211
only_yo,6,7,yo,yo,dec1,0.6,9,2039,2.4350523948669434,7.21931266784668,7.002083706855774,4.784260272979736,4.56703131198883
only_yo,6,7,yo,yo,dec1,0.7,6,2042,2.012529134750366,7.21352481842041,7.461931204795837,5.200995683670044,5.449402070045471
only_yo,6,7,yo,yo,dec2,0.3,628,1420,4.295533657073975,6.370314121246338,5.714270067214966,2.0747804641723633,1.4187364101409914
only_yo,6,7,yo,yo,dec2,0.4,230,1818,3.6950724124908447,5.992065906524658,5.711208534240723,2.2969934940338135,2.016136121749878
only_yo,6,7,yo,yo,dec2,0.5,63,1985,2.9333949089050293,5.822991847991943,5.71662323474884,2.889596939086914,2.783228325843811
only_yo,6,7,yo,yo,dec2,0.6,13,2035,2.0732333660125732,5.757489204406738,5.85450918674469,3.684255838394165,3.781275820732117
only_yo,6,7,yo,yo,dec2,0.7,4,2044,2.072070598602295,5.741269111633301,5.634457111358643,3.669198513031006,3.5623865127563477
only_yo,7,8,yo,yo,enc0,0.3,444,1604,1.6394026279449463,2.3497796058654785,2.209836709499359,0.7103769779205322,0.5704340815544127
only_yo,7,8,yo,yo,enc0,0.4,62,1986,1.4369988441467285,2.2194600105285645,2.213218855857849,0.7824611663818359,0.7762200117111204
only_yo,7,8,yo,yo,enc0,0.5,27,2021,1.1131778955459595,2.210235118865967,2.2323975205421447,1.0970572233200073,1.1192196249961852
only_yo,7,8,yo,yo,enc0,0.6,10,2038,1.1984777450561523,2.2006654739379883,2.291819578409195,1.002187728881836,1.0933418333530427
only_yo,7,8,yo,yo,enc0,0.7,5,2043,0.8227623105049133,2.1991324424743652,2.0557386457920073,1.376370131969452,1.232976335287094
only_yo,7,8,yo,yo,enc1,0.3,462,1586,2.998361825942993,3.538055658340454,3.4125312089920046,0.5396938323974609,0.4141693830490114
only_yo,7,8,yo,yo,enc1,0.4,31,2017,1.8469927310943604,3.4404280185699463,3.5587515950202944,1.593435287475586,1.711758863925934
only_yo,7,8,yo,yo,enc1,0.5,12,2036,15.399226188659668,3.345682144165039,3.1703124046325684,-12.053544044494629,-12.2289137840271
only_yo,7,8,yo,yo,enc1,0.6,11,2037,14.824586868286133,3.3547024726867676,3.4108938813209533,-11.469884395599365,-11.413692986965179
only_yo,7,8,yo,yo,enc1,0.7,4,2044,1.0296940803527832,3.4209787845611572,3.2692325830459597,2.391284704208374,2.2395385026931764
only_yo,7,8,yo,yo,enc2,0.3,284,1764,2.4419872760772705,3.971654176712036,3.75441517829895,1.5296669006347656,1.3124279022216796
only_yo,7,8,yo,yo,enc2,0.4,79,1969,2.08003568649292,3.8269174098968506,3.756669354438782,1.7468817234039307,1.676633667945862
only_yo,7,8,yo,yo,enc2,0.5,14,2034,1.8037341833114624,3.7729945182800293,3.6235389709472656,1.969260334968567,1.8198047876358032
only_yo,7,8,yo,yo,enc2,0.6,5,2043,1.3567293882369995,3.7654130458831787,3.850382661819458,2.408683657646179,2.4936532735824586
only_yo,7,8,yo,yo,enc2,0.7,3,2045,1.4785449504852295,3.762878656387329,3.617775619029999,2.2843337059020996,2.1392306685447693
only_yo,7,8,yo,yo,dec0,0.3,570,1478,4.503349304199219,5.150656700134277,4.980571675300598,0.6473073959350586,0.4772223711013792
only_yo,7,8,yo,yo,dec0,0.4,237,1811,4.055523872375488,5.090237140655518,4.965412735939026,1.0347132682800293,0.9098888635635376
only_yo,7,8,yo,yo,dec0,0.5,82,1966,3.607595920562744,5.027343273162842,5.025694012641907,1.4197473526000977,1.4180980920791626
only_yo,7,8,yo,yo,dec0,0.6,15,2033,3.1517295837402344,4.983917236328125,5.000825464725494,1.8321876525878906,1.84909588098526
only_yo,7,8,yo,yo,dec0,0.7,3,2045,2.02375864982605,4.974821090698242,5.10663343667984,2.9510624408721924,3.0828747868537905
only_yo,7,8,yo,yo,dec1,0.3,233,1815,5.574342727661133,7.757203578948975,7.4964089632034305,2.182860851287842,1.9220662355422977
only_yo,7,8,yo,yo,dec1,0.4,21,2027,5.243729591369629,7.532327175140381,7.216242933273316,2.288597583770752,1.9725133419036869
only_yo,7,8,yo,yo,dec1,0.5,12,2036,3.765261650085449,7.530925273895264,7.607138824462891,3.7656636238098145,3.8418771743774416
only_yo,7,8,yo,yo,dec1,0.6,8,2040,2.680455207824707,7.527795791625977,7.623058724403381,4.8473405838012695,4.942603516578674
only_yo,7,8,yo,yo,dec1,0.7,6,2042,2.1905412673950195,7.524487018585205,7.605398893356323,5.3339457511901855,5.414857625961304
only_yo,7,8,yo,yo,dec2,0.3,617,1431,4.291811466217041,6.464704513549805,5.7999046564102175,2.1728930473327637,1.5080931901931764
only_yo,7,8,yo,yo,dec2,0.4,214,1834,3.590085506439209,6.069117069244385,5.79065899848938,2.479031562805176,2.2005734920501707
only_yo,7,8,yo,yo,dec2,0.5,60,1988,2.9014298915863037,5.897863388061523,5.876346278190613,2.9964334964752197,2.974916386604309
only_yo,7,8,yo,yo,dec2,0.6,15,2033,2.1399405002593994,5.837156295776367,5.813770079612732,3.6972157955169678,3.673829579353333
only_yo,7,8,yo,yo,dec2,0.7,4,2044,2.092921733856201,5.817352294921875,6.059571075439453,3.724430561065674,3.9666493415832518
only_yo,8,9,yo,yo,enc0,0.3,421,1627,1.6429357528686523,2.3322439193725586,2.184516990184784,0.6893081665039062,0.5415812373161315
only_yo,8,9,yo,yo,enc0,0.4,58,1990,1.4560953378677368,2.21195125579834,2.172231525182724,0.755855917930603,0.7161361873149872
only_yo,8,9,yo,yo,enc0,0.5,18,2030,1.2039333581924438,2.199293613433838,2.120861625671387,0.995360255241394,0.916928267478943
only_yo,8,9,yo,yo,enc0,0.6,9,2039,1.0889133214950562,2.1954078674316406,2.159167355298996,1.1064945459365845,1.07025403380394
only_yo,8,9,yo,yo,enc0,0.7,6,2042,0.8573383092880249,2.194462537765503,2.1402387976646424,1.337124228477478,1.2829004883766175
only_yo,8,9,yo,yo,enc1,0.3,388,1660,2.1722850799560547,3.848910093307495,3.5269861459732055,1.6766250133514404,1.3547010660171508
only_yo,8,9,yo,yo,enc1,0.4,31,2017,1.6594855785369873,3.5600361824035645,3.5516307592391967,1.9005506038665771,1.8921451807022094
only_yo,8,9,yo,yo,enc1,0.5,11,2037,1.2734495401382446,3.5434603691101074,3.673488962650299,2.270010828971863,2.4000394225120543
only_yo,8,9,yo,yo,enc1,0.6,6,2042,1.2256652116775513,3.5380423069000244,3.0543664574623106,2.312377095222473,1.8287012457847593
only_yo,8,9,yo,yo,enc1,0.7,4,2044,0.9654387831687927,3.5362892150878906,4.256814932823181,2.570850431919098,3.291376149654388
only_yo,8,9,yo,yo,enc2,0.3,281,1767,2.426825761795044,4.023378372192383,3.8067567706108094,1.5965526103973389,1.3799310088157655
only_yo,8,9,yo,yo,enc2,0.4,78,1970,2.137059211730957,3.870333671569824,3.77507688999176,1.7332744598388672,1.6380176782608031
only_yo,8,9,yo,yo,enc2,0.5,14,2034,1.8188316822052002,3.817986488342285,3.6456048130989074,1.999154806137085,1.8267731308937072
only_yo,8,9,yo,yo,enc2,0.6,5,2043,1.3502240180969238,3.810326337814331,3.815879225730896,2.4601023197174072,2.465655207633972
only_yo,8,9,yo,yo,enc2,0.7,3,2045,1.790185809135437,3.80727481842041,3.761336958408356,2.017089009284973,1.9711511492729188
only_yo,8,9,yo,yo,dec0,0.3,554,1494,4.618759632110596,5.323001861572266,5.130145001411438,0.7042422294616699,0.5113853693008421
only_yo,8,9,yo,yo,dec0,0.4,232,1816,4.254742622375488,5.244635105133057,5.132021021842957,0.9898924827575684,0.8772783994674684
only_yo,8,9,yo,yo,dec0,0.5,64,1984,4.167571067810059,5.163625717163086,5.1866769075393675,0.9960546493530273,1.019105839729309
only_yo,8,9,yo,yo,dec0,0.6,19,2029,3.5701639652252197,5.147129535675049,5.244644975662231,1.576965570449829,1.6744810104370114
only_yo,8,9,yo,yo,dec0,0.7,2,2046,2.5469183921813965,5.135026931762695,5.277711939811707,2.588108539581299,2.7307935476303102
only_yo,8,9,yo,yo,dec1,0.3,158,1890,6.241029262542725,7.804571628570557,7.709872817993164,1.563542366027832,1.468843555450439
only_yo,8,9,yo,yo,dec1,0.4,17,2031,3.74330735206604,7.716931343078613,7.6701396942138675,3.9736239910125732,3.9268323421478275
only_yo,8,9,yo,yo,dec1,0.5,11,2037,3.434190273284912,7.70689582824707,7.562249994277954,4.272705554962158,4.128059720993042
only_yo,8,9,yo,yo,dec1,0.6,8,2040,2.659062385559082,7.703652381896973,7.389746356010437,5.044589996337891,4.730683970451355
only_yo,8,9,yo,yo,dec1,0.7,6,2042,2.583228588104248,7.698934078216553,7.789522743225097,5.115705490112305,5.206294155120849
only_yo,8,9,yo,yo,dec2,0.3,616,1432,4.3916335105896,6.626418113708496,5.944531273841858,2.2347846031188965,1.5528977632522585
only_yo,8,9,yo,yo,dec2,0.4,212,1836,3.6982696056365967,6.2147297859191895,5.95684027671814,2.5164601802825928,2.258570671081543
only_yo,8,9,yo,yo,dec2,0.5,62,1986,2.9691004753112793,6.047428607940674,5.905014276504517,3.0783281326293945,2.9359138011932373
only_yo,8,9,yo,yo,dec2,0.6,14,2034,2.061218023300171,5.981032848358154,6.128973960876465,3.9198148250579834,4.067755937576294
only_yo,8,9,yo,yo,dec2,0.7,4,2044,2.2816643714904785,5.961423873901367,5.881759619712829,3.6797595024108887,3.6000952482223507
only_yo,9,10,yo,yo,enc0,0.3,407,1641,1.66338312625885,2.362116813659668,2.2324512004852295,0.6987336874008179,0.5690680742263794
only_yo,9,10,yo,yo,enc0,0.4,58,1990,1.437587857246399,2.2461559772491455,2.2285732984542848,0.8085681200027466,0.7909854412078858
only_yo,9,10,yo,yo,enc0,0.5,17,2031,1.2041256427764893,2.23178768157959,2.1584710836410523,1.0276620388031006,0.9543454408645631
only_yo,9,10,yo,yo,enc0,0.6,9,2039,0.9886065721511841,2.2287068367004395,2.221931505203247,1.2401002645492554,1.2333249330520628
only_yo,9,10,yo,yo,enc0,0.7,6,2042,0.8023133277893066,2.2274322509765625,2.245654833316803,1.4251189231872559,1.4433415055274965
only_yo,9,10,yo,yo,enc1,0.3,388,1660,2.3250772953033447,3.8247854709625244,3.5004067063331603,1.4997081756591797,1.1753294110298156
only_yo,9,10,yo,yo,enc1,0.4,21,2027,1.6229292154312134,3.5605287551879883,3.41829537153244,1.937599539756775,1.7953661561012266
only_yo,9,10,yo,yo,enc1,0.5,13,2035,1.4861156940460205,3.553785800933838,3.686906373500824,2.0676701068878174,2.2007906794548036
only_yo,9,10,yo,yo,enc1,0.6,6,2042,1.2287358045578003,3.5474541187286377,3.2376454949378966,2.3187183141708374,2.0089096903800963
only_yo,9,10,yo,yo,enc1,0.7,4,2044,0.9926751255989075,3.545647144317627,3.5149041295051573,2.5529720187187195,2.52222900390625
only_yo,9,10,yo,yo,enc2,0.3,158,1890,2.6120235919952393,3.9955508708953857,3.905274248123169,1.3835272789001465,1.2932506561279298
only_yo,9,10,yo,yo,enc2,0.4,78,1970,2.212855577468872,3.9551713466644287,3.877441871166229,1.7423157691955566,1.664586293697357
only_yo,9,10,yo,yo,enc2,0.5,13,2035,1.8889665603637695,3.9015889167785645,3.9458784580230715,2.012622356414795,2.056911897659302
only_yo,9,10,yo,yo,enc2,0.6,5,2043,1.3966941833496094,3.8949127197265625,4.123835861682892,2.498218536376953,2.7271416783332825
only_yo,9,10,yo,yo,enc2,0.7,3,2045,1.9747734069824219,3.8916213512420654,3.6664559841156006,1.9168479442596436,1.6916825771331787
only_yo,9,10,yo,yo,dec0,0.3,563,1485,4.347067356109619,5.087643623352051,4.89534695148468,0.7405762672424316,0.5482795953750612
only_yo,9,10,yo,yo,dec0,0.4,230,1818,3.9380855560302734,5.003735542297363,4.914236211776734,1.0656499862670898,0.9761506557464603
only_yo,9,10,yo,yo,dec0,0.5,68,1980,3.664571523666382,4.925939083099365,4.959262895584106,1.2613675594329834,1.2946913719177244
only_yo,9,10,yo,yo,dec0,0.6,16,2032,3.016359806060791,4.898763656616211,4.95247712135315,1.88240385055542,1.9361173152923588
only_yo,9,10,yo,yo,dec0,0.7,2,2046,2.3117542266845703,4.88657283782959,4.718965458869934,2.5748186111450195,2.4072112321853636
only_yo,9,10,yo,yo,dec1,0.3,179,1869,5.600489616394043,7.913930892944336,7.746765112876892,2.313441276550293,2.1462754964828488
only_yo,9,10,yo,yo,dec1,0.4,17,2031,3.8055968284606934,7.744426250457764,7.6021668910980225,3.9388294219970703,3.796570062637329
only_yo,9,10,yo,yo,dec1,0.5,11,2037,3.335306406021118,7.7353644371032715,7.696120357513427,4.400058031082153,4.360813951492309
only_yo,9,10,yo,yo,dec1,0.6,7,2041,2.6930758953094482,7.728943347930908,7.7090442180633545,5.03586745262146,5.015968322753906
only_yo,9,10,yo,yo,dec1,0.7,7,2041,2.4626870155334473,7.729733467102051,7.648622989654541,5.2670464515686035,5.185935974121094
only_yo,9,10,yo,yo,dec2,0.3,588,1460,4.460567951202393,6.769908905029297,6.1171386480331424,2.3093409538269043,1.6565706968307499
only_yo,9,10,yo,yo,dec2,0.4,209,1839,3.758526563644409,6.373762130737305,6.075976443290711,2.6152355670928955,2.3174498796463014
only_yo,9,10,yo,yo,dec2,0.5,58,1990,3.0663115978240967,6.195494651794434,6.096334457397461,3.129183053970337,3.0300228595733643
only_yo,9,10,yo,yo,dec2,0.6,13,2035,2.1311581134796143,6.132273197174072,5.936304044723511,4.001115083694458,3.8051459312438967
only_yo,9,10,yo,yo,dec2,0.7,3,2045,1.7708500623703003,6.113235950469971,5.9027663469314575,4.34238588809967,4.131916284561157
only_yo,10,11,yo,yo,enc0,0.3,403,1645,1.697617530822754,2.3980355262756348,2.2527243733406066,0.7004179954528809,0.5551068425178527
only_yo,10,11,yo,yo,enc0,0.4,96,1952,1.4217243194580078,2.301445960998535,2.2603280305862428,0.8797216415405273,0.838603711128235
only_yo,10,11,yo,yo,enc0,0.5,17,2031,1.3324836492538452,2.267974615097046,2.2721636950969697,0.9354909658432007,0.9396800458431245
only_yo,10,11,yo,yo,enc0,0.6,10,2038,1.1172103881835938,2.265817403793335,2.287543761730194,1.1486070156097412,1.1703333735466002
only_yo,10,11,yo,yo,enc0,0.7,7,2041,0.9344075322151184,2.264756202697754,2.1925051271915437,1.3303486704826355,1.2580975949764253
only_yo,10,11,yo,yo,enc1,0.3,409,1639,2.487701177597046,3.7940030097961426,3.543553280830383,1.3063018321990967,1.0558521032333372
only_yo,10,11,yo,yo,enc1,0.4,28,2020,1.7080975770950317,3.558422803878784,3.3958902955055237,1.8503252267837524,1.687792718410492
only_yo,10,11,yo,yo,enc1,0.5,12,2036,1.281262993812561,3.5463974475860596,3.7136740565299986,2.2651344537734985,2.4324110627174376
only_yo,10,11,yo,yo,enc1,0.6,6,2042,1.1627564430236816,3.5400898456573486,3.400966191291809,2.377333402633667,2.2382097482681274
only_yo,10,11,yo,yo,enc1,0.7,4,2044,0.9202688932418823,3.538238286972046,3.394409155845642,2.6179693937301636,2.47414026260376
only_yo,10,11,yo,yo,enc2,0.3,243,1805,2.514634370803833,4.229826927185059,3.9705947756767275,1.7151925563812256,1.4559604048728945
only_yo,10,11,yo,yo,enc2,0.4,42,2006,2.3042752742767334,4.062370300292969,4.070921337604522,1.7580950260162354,1.766646063327789
only_yo,10,11,yo,yo,enc2,0.5,13,2035,1.9759833812713623,4.039412975311279,4.05272775888443,2.063429594039917,2.0767443776130676
only_yo,10,11,yo,yo,enc2,0.6,5,2043,1.5386046171188354,4.032403469085693,3.893282687664032,2.493798851966858,2.3546780705451966
only_yo,10,11,yo,yo,enc2,0.7,3,2045,1.7363309860229492,4.029675006866455,4.072986674308777,2.293344020843506,2.336655688285828
only_yo,10,11,yo,yo,dec0,0.3,557,1491,4.568217754364014,5.396703720092773,5.2032935380935665,0.8284859657287598,0.6350757837295529
only_yo,10,11,yo,yo,dec0,0.4,243,1805,4.123221397399902,5.3124871253967285,5.170856237411499,1.1892657279968262,1.0476348400115967
only_yo,10,11,yo,yo,dec0,0.5,71,1977,3.8922858238220215,5.217314720153809,5.077124118804932,1.325028896331787,1.1848382949829102
only_yo,10,11,yo,yo,dec0,0.6,18,2030,3.0883352756500244,5.189848899841309,5.216786193847656,2.101513624191284,2.1284509181976317
only_yo,10,11,yo,yo,dec0,0.7,4,2044,3.022977828979492,5.175582408905029,4.7655205726623535,2.152604579925537,1.7425427436828613
only_yo,10,11,yo,yo,dec1,0.3,184,1864,6.036970615386963,8.235001564025879,8.12434163093567,2.198030948638916,2.0873710155487064
only_yo,10,11,yo,yo,dec1,0.4,15,2033,3.8842504024505615,8.06816577911377,7.779201626777649,4.183915376663208,3.8949512243270874
only_yo,10,11,yo,yo,dec1,0.5,11,2037,3.3408820629119873,8.062885284423828,8.16553862094879,4.722003221511841,4.8246565580368035
only_yo,10,11,yo,yo,dec1,0.6,8,2040,2.9695496559143066,8.057397842407227,8.205070424079896,5.08784818649292,5.235520768165589
only_yo,10,11,yo,yo,dec1,0.7,4,2044,3.5595803260803223,8.046285629272461,8.134261107444763,4.486705303192139,4.574680781364441
only_yo,10,11,yo,yo,dec2,0.3,608,1440,4.61602258682251,7.045966625213623,6.311366152763367,2.4299440383911133,1.6953435659408571
only_yo,10,11,yo,yo,dec2,0.4,215,1833,3.8509681224823,6.614716529846191,6.32476851940155,2.7637484073638916,2.47380039691925
only_yo,10,11,yo,yo,dec2,0.5,59,1989,3.204130172729492,6.417139530181885,6.415268063545227,3.2130093574523926,3.211137890815735
only_yo,10,11,yo,yo,dec2,0.6,15,2033,2.463245153427124,6.353066921234131,6.3112300634384155,3.889821767807007,3.8479849100112915
only_yo,10,11,yo,yo,dec2,0.7,3,2045,1.831573247909546,6.331168174743652,6.196045351028443,4.4995949268341064,4.364472103118897
only_yo,11,12,yo,yo,enc0,0.3,419,1629,1.8280293941497803,2.4741547107696533,2.3310511469841004,0.646125316619873,0.5030217528343202
only_yo,11,12,yo,yo,enc0,0.4,117,1931,1.6141825914382935,2.3860604763031006,2.341804254055023,0.7718778848648071,0.7276216626167296
only_yo,11,12,yo,yo,enc0,0.5,19,2029,1.3905284404754639,2.3508734703063965,2.342966675758362,0.9603450298309326,0.952438235282898
only_yo,11,12,yo,yo,enc0,0.6,8,2040,1.4846161603927612,2.3453261852264404,2.3384473860263824,0.8607100248336792,0.8538312256336211
only_yo,11,12,yo,yo,enc0,0.7,6,2042,1.3677875995635986,2.3448264598846436,2.4895387828350066,0.9770388603210449,1.121751183271408
only_yo,11,12,yo,yo,enc1,0.3,361,1687,2.234349250793457,3.9180805683135986,3.578411042690277,1.6837313175201416,1.34406179189682
only_yo,11,12,yo,yo,enc1,0.4,23,2025,1.8044670820236206,3.641925573348999,3.7772186398506165,1.8374584913253784,1.9727515578269958
only_yo,11,12,yo,yo,enc1,0.5,11,2037,1.4341679811477661,3.6331005096435547,3.7839089751243593,2.1989325284957886,2.349740993976593
only_yo,11,12,yo,yo,enc1,0.6,6,2042,1.4130672216415405,3.6277785301208496,3.486815869808197,2.214711308479309,2.0737486481666565
only_yo,11,12,yo,yo,enc1,0.7,4,2044,1.209297776222229,3.6260101795196533,3.2844410061836244,2.4167124032974243,2.0751432299613954
only_yo,11,12,yo,yo,enc2,0.3,150,1898,2.652036428451538,4.216623306274414,4.184255528450012,1.564586877822876,1.532219099998474
only_yo,11,12,yo,yo,enc2,0.4,41,2007,2.2183516025543213,4.1405110359191895,4.188442587852478,1.9221594333648682,1.9700909852981567
only_yo,11,12,yo,yo,enc2,0.5,12,2036,2.081014394760132,4.113941192626953,4.3088566899299625,2.0329267978668213,2.2278422951698307
only_yo,11,12,yo,yo,enc2,0.6,5,2043,1.3855732679367065,4.108677864074707,4.083343255519867,2.7231045961380005,2.6977699875831602
only_yo,11,12,yo,yo,enc2,0.7,3,2045,1.7321012020111084,4.105506896972656,4.2204810857772825,2.373405694961548,2.488379883766174
only_yo,11,12,yo,yo,dec0,0.3,548,1500,4.512471675872803,5.35872220993042,5.121141242980957,0.8462505340576172,0.6086695671081541
only_yo,11,12,yo,yo,dec0,0.4,237,1811,4.063140869140625,5.2721991539001465,5.134643483161926,1.2090582847595215,1.071502614021301
only_yo,11,12,yo,yo,dec0,0.5,72,1976,3.7669143676757812,5.182034015655518,5.167473578453064,1.4151196479797363,1.400559210777283
only_yo,11,12,yo,yo,dec0,0.6,17,2031,3.088641405105591,5.149389743804932,5.1635333776474,2.060748338699341,2.074891972541809
only_yo,11,12,yo,yo,dec0,0.7,4,2044,2.9265730381011963,5.136600017547607,5.0729570388793945,2.210026979446411,2.1463840007781982
only_yo,11,12,yo,yo,dec1,0.3,117,1931,5.700130939483643,8.465937614440918,8.342019605636597,2.7658066749572754,2.641888666152955
only_yo,11,12,yo,yo,dec1,0.4,15,2033,3.9052858352661133,8.340414047241211,8.398247122764587,4.435128211975098,4.492961287498474
only_yo,11,12,yo,yo,dec1,0.5,10,2038,3.4314095973968506,8.331857681274414,8.392275977134705,4.9004480838775635,4.960866379737855
only_yo,11,12,yo,yo,dec1,0.6,8,2040,3.0381650924682617,8.328596115112305,7.950247597694397,5.290431022644043,4.912082505226135
only_yo,11,12,yo,yo,dec1,0.7,6,2042,2.895326614379883,8.323834419250488,8.239315366744995,5.4285078048706055,5.343988752365112
only_yo,11,12,yo,yo,dec2,0.3,547,1501,4.542156219482422,7.1746416091918945,6.48737530708313,2.6324853897094727,1.9452190876007078
only_yo,11,12,yo,yo,dec2,0.4,199,1849,3.8861172199249268,6.749788284301758,6.439234948158264,2.863671064376831,2.553117728233337
only_yo,11,12,yo,yo,dec2,0.5,53,1995,3.1574602127075195,6.559574127197266,6.582931756973267,3.402113914489746,3.425471544265747
only_yo,11,12,yo,yo,dec2,0.6,16,2032,2.6173949241638184,6.50187873840332,6.440520238876343,3.884483814239502,3.8231253147125246
only_yo,11,12,yo,yo,dec2,0.7,3,2045,3.0193469524383545,6.476595878601074,6.4705887079238895,3.4572489261627197,3.451241755485535
only_yo,12,13,yo,yo,enc0,0.3,406,1642,1.762369990348816,2.490288496017456,2.3534325480461122,0.7279185056686401,0.5910625576972963
only_yo,12,13,yo,yo,enc0,0.4,86,1962,1.5647249221801758,2.3802292346954346,2.3387928128242494,0.8155043125152588,0.7740678906440737
only_yo,12,13,yo,yo,enc0,0.5,19,2029,1.3605924844741821,2.3552117347717285,2.4227113485336305,0.9946192502975464,1.0621188640594483
only_yo,12,13,yo,yo,enc0,0.6,9,2039,1.1856609582901,2.3511061668395996,2.3077150344848634,1.1654452085494995,1.1220540761947633
only_yo,12,13,yo,yo,enc0,0.7,6,2042,0.9151041507720947,2.3501884937286377,2.2836339712142943,1.435084342956543,1.3685298204421996
only_yo,12,13,yo,yo,enc1,0.3,308,1740,2.2717056274414062,3.7898447513580322,3.6111538410186768,1.518139123916626,1.3394482135772705
only_yo,12,13,yo,yo,enc1,0.4,19,2029,1.8188376426696777,3.577850341796875,3.441880536079407,1.7590126991271973,1.6230428934097292
only_yo,12,13,yo,yo,enc1,0.5,12,2036,1.4360402822494507,3.574058771133423,3.6138826489448546,2.138018488883972,2.177842366695404
only_yo,12,13,yo,yo,enc1,0.6,5,2043,1.1107409000396729,3.5675289630889893,3.348178482055664,2.4567880630493164,2.2374375820159913
only_yo,12,13,yo,yo,enc1,0.7,4,2044,1.031506061553955,3.5664823055267334,3.702317988872528,2.5349762439727783,2.670811927318573
only_yo,12,13,yo,yo,enc2,0.3,143,1905,2.6961610317230225,4.312017917633057,4.216794979572296,1.6158568859100342,1.5206339478492739
only_yo,12,13,yo,yo,enc2,0.4,43,2005,2.379087448120117,4.238226413726807,4.109253609180451,1.8591389656066895,1.7301661610603336
only_yo,12,13,yo,yo,enc2,0.5,12,2036,2.116269588470459,4.21146821975708,4.144636309146881,2.095198631286621,2.0283667206764218
only_yo,12,13,yo,yo,enc2,0.6,4,2044,1.146256923675537,4.205165863037109,4.098487591743469,3.0589089393615723,2.9522306680679318
only_yo,12,13,yo,yo,enc2,0.7,3,2045,1.190833330154419,4.2036051750183105,4.108735346794129,3.0127718448638916,2.91790201663971
only_yo,12,13,yo,yo,dec0,0.3,535,1513,4.398635387420654,5.40289306640625,5.146282124519348,1.0042576789855957,0.7476467370986937
only_yo,12,13,yo,yo,dec0,0.4,237,1811,3.9592103958129883,5.2951483726501465,5.130457043647766,1.3359379768371582,1.1712466478347778
only_yo,12,13,yo,yo,dec0,0.5,83,1965,3.429192543029785,5.212836265563965,5.088868618011475,1.7836437225341797,1.6596760749816895
only_yo,12,13,yo,yo,dec0,0.6,21,2027,3.0933573246002197,5.161759376525879,5.215171122550965,2.068402051925659,2.121813797950745
only_yo,12,13,yo,yo,dec0,0.7,2,2046,2.6825995445251465,5.142953395843506,4.832677519321441,2.4603538513183594,2.150077974796295
only_yo,12,13,yo,yo,dec1,0.3,89,1959,5.158498287200928,8.560552597045898,8.422759079933167,3.4020543098449707,3.264260792732239
only_yo,12,13,yo,yo,dec1,0.4,16,2032,4.147530555725098,8.446292877197266,8.49728524684906,4.298762321472168,4.349754691123962
only_yo,12,13,yo,yo,dec1,0.5,10,2038,3.376162052154541,8.437421798706055,8.743452858924865,5.061259746551514,5.367290806770324
only_yo,12,13,yo,yo,dec1,0.6,8,2040,3.0569100379943848,8.43371295928955,8.611283779144287,5.376802921295166,5.554373741149902
only_yo,12,13,yo,yo,dec1,0.7,6,2042,2.8731188774108887,8.428986549377441,7.886865258216858,5.555867671966553,5.013746380805969
only_yo,12,13,yo,yo,dec2,0.3,574,1474,4.734384536743164,7.275233268737793,6.538444590568543,2.540848731994629,1.8040600538253786
only_yo,12,13,yo,yo,dec2,0.4,195,1853,3.9307186603546143,6.840118885040283,6.603361630439759,2.909400224685669,2.6726429700851444
only_yo,12,13,yo,yo,dec2,0.5,55,1993,3.3456459045410156,6.651891708374023,6.61932590007782,3.306245803833008,3.2736799955368046
only_yo,12,13,yo,yo,dec2,0.6,16,2032,2.5700793266296387,6.594542026519775,6.7138691425323485,4.024462699890137,4.14378981590271
only_yo,12,13,yo,yo,dec2,0.7,3,2045,3.306837797164917,6.567877769470215,6.288731431961059,3.261039972305298,2.9818936347961422
only_yo,13,14,yo,yo,enc0,0.3,398,1650,1.8177636861801147,2.4968581199645996,2.366839516162872,0.6790944337844849,0.5490758299827574
only_yo,13,14,yo,yo,enc0,0.4,88,1960,1.609182596206665,2.398815155029297,2.3477365374565125,0.7896325588226318,0.7385539412498474
only_yo,13,14,yo,yo,enc0,0.5,17,2031,1.3682855367660522,2.37322735786438,2.3625634908676147,1.0049418210983276,0.9942779541015625
only_yo,13,14,yo,yo,enc0,0.6,9,2039,1.1870371103286743,2.370084762573242,2.3343109786510468,1.1830476522445679,1.1472738683223724
only_yo,13,14,yo,yo,enc0,0.7,6,2042,0.9056349992752075,2.369173288345337,2.279404264688492,1.4635382890701294,1.3737692654132845
only_yo,13,14,yo,yo,enc1,0.3,326,1722,2.387594699859619,3.9595468044281006,3.715437877178192,1.5719521045684814,1.3278431773185728
only_yo,13,14,yo,yo,enc1,0.4,18,2030,2.0151469707489014,3.724346399307251,3.8975546836853026,1.7091994285583496,1.8824077129364012
only_yo,13,14,yo,yo,enc1,0.5,10,2038,1.3922280073165894,3.720693588256836,3.539199137687683,2.3284655809402466,2.1469711303710937
only_yo,13,14,yo,yo,enc1,0.6,6,2042,1.4331073760986328,3.7160120010375977,3.8824040412902834,2.282904624938965,2.4492966651916506
only_yo,13,14,yo,yo,enc1,0.7,4,2044,1.196317434310913,3.7142417430877686,3.308768320083618,2.5179243087768555,2.112450885772705
only_yo,13,14,yo,yo,enc2,0.3,141,1907,2.784796953201294,4.4336442947387695,4.258164656162262,1.6488473415374756,1.4733677029609682
only_yo,13,14,yo,yo,enc2,0.4,39,2009,2.3737547397613525,4.357909202575684,4.431565892696381,1.984154462814331,2.0578111529350283
only_yo,13,14,yo,yo,enc2,0.5,10,2038,2.1532387733459473,4.3307576179504395,4.591110420227051,2.177518844604492,2.4378716468811037
only_yo,13,14,yo,yo,enc2,0.6,4,2044,1.3788610696792603,4.325881481170654,4.961631560325623,2.947020411491394,3.5827704906463627
only_yo,13,14,yo,yo,enc2,0.7,3,2045,1.361821174621582,4.324465274810791,4.2881264925003055,2.962644100189209,2.9263053178787235
only_yo,13,14,yo,yo,dec0,0.3,561,1487,4.5245842933654785,5.5929274559021,5.335692310333252,1.068343162536621,0.8111080169677738
only_yo,13,14,yo,yo,dec0,0.4,234,1814,4.018796443939209,5.465588569641113,5.311485290527344,1.4467921257019043,1.2926888465881348
only_yo,13,14,yo,yo,dec0,0.5,66,1982,3.6493167877197266,5.355257511138916,5.396193480491638,1.7059407234191895,1.7468766927719113
only_yo,13,14,yo,yo,dec0,0.6,15,2033,2.9654829502105713,5.317507266998291,5.336498248577118,2.3520243167877197,2.3710152983665465
only_yo,13,14,yo,yo,dec0,0.7,2,2046,2.61538028717041,5.302905082702637,5.584523260593414,2.6875247955322266,2.969142973423004
only_yo,13,14,yo,yo,dec1,0.3,84,1964,5.036460876464844,8.571861267089844,8.498679518699646,3.535400390625,3.4622186422348022
only_yo,13,14,yo,yo,dec1,0.4,16,2032,4.174842834472656,8.460334777832031,8.192827415466308,4.285491943359375,4.017984580993652
only_yo,13,14,yo,yo,dec1,0.5,10,2038,3.395021915435791,8.451543807983398,8.137111115455628,5.056521892547607,4.742089200019837
only_yo,13,14,yo,yo,dec1,0.6,8,2040,2.8986544609069824,8.44853401184082,8.929977822303773,5.549879550933838,6.03132336139679
only_yo,13,14,yo,yo,dec1,0.7,5,2043,2.7148711681365967,8.440834045410156,7.921370673179626,5.72596287727356,5.20649950504303
only_yo,13,14,yo,yo,dec2,0.3,559,1489,4.732293128967285,7.367032527923584,6.650339603424072,2.634739398956299,1.918046474456787
only_yo,13,14,yo,yo,dec2,0.4,202,1846,4.059504508972168,6.931118011474609,6.639603519439698,2.8716135025024414,2.5800990104675297
only_yo,13,14,yo,yo,dec2,0.5,55,1993,3.3675453662872314,6.73840856552124,6.651729154586792,3.370863199234009,3.2841837882995604
only_yo,13,14,yo,yo,dec2,0.6,14,2034,2.4750962257385254,6.676603317260742,6.510789775848389,4.201507091522217,4.035693550109864
only_yo,13,14,yo,yo,dec2,0.7,3,2045,2.0679335594177246,6.654601097106934,6.525968790054321,4.586667537689209,4.458035230636597
