run,phase,lang,layer,tau,self_size,n_alive,self_frac,n_blocks
only_yo,0,hi,enc0,0.3,626,2048,0.3056640625,42
only_yo,0,hi,enc0,0.4,115,2048,0.05615234375,47
only_yo,0,hi,enc0,0.5,28,2048,0.013671875,42
only_yo,0,hi,enc0,0.6,13,2048,0.00634765625,26
only_yo,0,hi,enc0,0.7,10,2048,0.0048828125,24
only_yo,0,hi,enc1,0.3,937,2048,0.45751953125,36
only_yo,0,hi,enc1,0.4,427,2048,0.20849609375,66
only_yo,0,hi,enc1,0.5,190,2048,0.0927734375,51
only_yo,0,hi,enc1,0.6,150,2048,0.0732421875,26
only_yo,0,hi,enc1,0.7,127,2048,0.06201171875,14
only_yo,0,hi,enc2,0.3,1013,2048,0.49462890625,38
only_yo,0,hi,enc2,0.4,410,2048,0.2001953125,65
only_yo,0,hi,enc2,0.5,135,2048,0.06591796875,57
only_yo,0,hi,enc2,0.6,126,2048,0.0615234375,31
only_yo,0,hi,enc2,0.7,122,2048,0.0595703125,13
only_yo,0,hi,dec0,0.3,920,2048,0.44921875,29
only_yo,0,hi,dec0,0.4,473,2048,0.23095703125,26
only_yo,0,hi,dec0,0.5,208,2048,0.1015625,19
only_yo,0,hi,dec0,0.6,42,2048,0.0205078125,14
only_yo,0,hi,dec0,0.7,4,2048,0.001953125,8
only_yo,0,hi,dec1,0.3,619,2048,0.30224609375,29
only_yo,0,hi,dec1,0.4,109,2048,0.05322265625,36
only_yo,0,hi,dec1,0.5,21,2048,0.01025390625,26
only_yo,0,hi,dec1,0.6,15,2048,0.00732421875,17
only_yo,0,hi,dec1,0.7,8,2048,0.00390625,7
only_yo,0,hi,dec2,0.3,706,2048,0.3447265625,22
only_yo,0,hi,dec2,0.4,232,2048,0.11328125,31
only_yo,0,hi,dec2,0.5,65,2048,0.03173828125,26
only_yo,0,hi,dec2,0.6,5,2048,0.00244140625,14
only_yo,0,hi,dec2,0.7,4,2048,0.001953125,6
only_yo,1,yo,enc0,0.3,594,2048,0.2900390625,44
only_yo,1,yo,enc0,0.4,76,2048,0.037109375,50
only_yo,1,yo,enc0,0.5,48,2048,0.0234375,37
only_yo,1,yo,enc0,0.6,16,2048,0.0078125,30
only_yo,1,yo,enc0,0.7,9,2048,0.00439453125,25
only_yo,1,yo,enc1,0.3,738,2048,0.3603515625,52
only_yo,1,yo,enc1,0.4,156,2048,0.076171875,73
only_yo,1,yo,enc1,0.5,48,2048,0.0234375,60
only_yo,1,yo,enc1,0.6,47,2048,0.02294921875,31
only_yo,1,yo,enc1,0.7,40,2048,0.01953125,16
only_yo,1,yo,enc2,0.3,655,2048,0.31982421875,47
only_yo,1,yo,enc2,0.4,127,2048,0.06201171875,55
only_yo,1,yo,enc2,0.5,30,2048,0.0146484375,34
only_yo,1,yo,enc2,0.6,14,2048,0.0068359375,20
only_yo,1,yo,enc2,0.7,6,2048,0.0029296875,12
only_yo,1,yo,dec0,0.3,582,2048,0.2841796875,26
only_yo,1,yo,dec0,0.4,145,2048,0.07080078125,25
only_yo,1,yo,dec0,0.5,27,2048,0.01318359375,17
only_yo,1,yo,dec0,0.6,6,2048,0.0029296875,9
only_yo,1,yo,dec0,0.7,4,2048,0.001953125,4
only_yo,1,yo,dec1,0.3,484,2048,0.236328125,28
only_yo,1,yo,dec1,0.4,51,2048,0.02490234375,30
only_yo,1,yo,dec1,0.5,22,2048,0.0107421875,15
only_yo,1,yo,dec1,0.6,15,2048,0.00732421875,7
only_yo,1,yo,dec1,0.7,8,2048,0.00390625,5
only_yo,1,yo,dec2,0.3,850,2048,0.4150390625,15
only_yo,1,yo,dec2,0.4,314,2048,0.1533203125,18
only_yo,1,yo,dec2,0.5,91,2048,0.04443359375,12
only_yo,1,yo,dec2,0.6,23,2048,0.01123046875,9
only_yo,1,yo,dec2,0.7,5,2048,0.00244140625,4
only_yo,2,yo,enc0,0.3,583,2048,0.28466796875,47
only_yo,2,yo,enc0,0.4,76,2048,0.037109375,52
only_yo,2,yo,enc0,0.5,47,2048,0.02294921875,36
only_yo,2,yo,enc0,0.6,16,2048,0.0078125,31
only_yo,2,yo,enc0,0.7,9,2048,0.00439453125,24
only_yo,2,yo,enc1,0.3,683,2048,0.33349609375,41
only_yo,2,yo,enc1,0.4,91,2048,0.04443359375,76
only_yo,2,yo,enc1,0.5,45,2048,0.02197265625,56
only_yo,2,yo,enc1,0.6,43,2048,0.02099609375,25
only_yo,2,yo,enc1,0.7,39,2048,0.01904296875,12
only_yo,2,yo,enc2,0.3,556,2048,0.271484375,49
only_yo,2,yo,enc2,0.4,115,2048,0.05615234375,57
only_yo,2,yo,enc2,0.5,28,2048,0.013671875,28
only_yo,2,yo,enc2,0.6,10,2048,0.0048828125,19
only_yo,2,yo,enc2,0.7,5,2048,0.00244140625,12
only_yo,2,yo,dec0,0.3,529,2048,0.25830078125,25
only_yo,2,yo,dec0,0.4,141,2048,0.06884765625,22
only_yo,2,yo,dec0,0.5,21,2048,0.01025390625,11
only_yo,2,yo,dec0,0.6,5,2048,0.00244140625,8
only_yo,2,yo,dec0,0.7,4,2048,0.001953125,4
only_yo,2,yo,dec1,0.3,402,2048,0.1962890625,32
only_yo,2,yo,dec1,0.4,34,2048,0.0166015625,31
only_yo,2,yo,dec1,0.5,16,2048,0.0078125,11
only_yo,2,yo,dec1,0.6,10,2048,0.0048828125,7
only_yo,2,yo,dec1,0.7,8,2048,0.00390625,3
only_yo,2,yo,dec2,0.3,710,2048,0.3466796875,23
only_yo,2,yo,dec2,0.4,273,2048,0.13330078125,17
only_yo,2,yo,dec2,0.5,64,2048,0.03125,11
only_yo,2,yo,dec2,0.6,19,2048,0.00927734375,7
only_yo,2,yo,dec2,0.7,4,2048,0.001953125,5
only_yo,3,yo,enc0,0.3,504,2048,0.24609375,49
only_yo,3,yo,enc0,0.4,76,2048,0.037109375,55
only_yo,3,yo,enc0,0.5,45,2048,0.02197265625,36
only_yo,3,yo,enc0,0.6,11,2048,0.00537109375,34
only_yo,3,yo,enc0,0.7,7,2048,0.00341796875,27
only_yo,3,yo,enc1,0.3,635,2048,0.31005859375,51
only_yo,3,yo,enc1,0.4,75,2048,0.03662109375,70
only_yo,3,yo,enc1,0.5,38,2048,0.0185546875,53
only_yo,3,yo,enc1,0.6,34,2048,0.0166015625,23
only_yo,3,yo,enc1,0.7,29,2048,0.01416015625,11
only_yo,3,yo,enc2,0.3,495,2048,0.24169921875,55
only_yo,3,yo,enc2,0.4,101,2048,0.04931640625,57
only_yo,3,yo,enc2,0.5,24,2048,0.01171875,29
only_yo,3,yo,enc2,0.6,9,2048,0.00439453125,19
only_yo,3,yo,enc2,0.7,5,2048,0.00244140625,11
only_yo,3,yo,dec0,0.3,539,2048,0.26318359375,22
only_yo,3,yo,dec0,0.4,147,2048,0.07177734375,22
only_yo,3,yo,dec0,0.5,41,2048,0.02001953125,8
only_yo,3,yo,dec0,0.6,5,2048,0.00244140625,9
only_yo,3,yo,dec0,0.7,4,2048,0.001953125,4
only_yo,3,yo,dec1,0.3,338,2048,0.1650390625,31
only_yo,3,yo,dec1,0.4,30,2048,0.0146484375,28
only_yo,3,yo,dec1,0.5,15,2048,0.00732421875,11
only_yo,3,yo,dec1,0.6,10,2048,0.0048828125,5
only_yo,3,yo,dec1,0.7,6,2048,0.0029296875,3
only_yo,3,yo,dec2,0.3,679,2048,0.33154296875,15
only_yo,3,yo,dec2,0.4,257,2048,0.12548828125,14
only_yo,3,yo,dec2,0.5,64,2048,0.03125,12
only_yo,3,yo,dec2,0.6,16,2048,0.0078125,6
only_yo,3,yo,dec2,0.7,4,2048,0.001953125,6
only_yo,4,yo,enc0,0.3,474,2048,0.2314453125,52
only_yo,4,yo,enc0,0.4,83,2048,0.04052734375,51
only_yo,4,yo,enc0,0.5,39,2048,0.01904296875,38
only_yo,4,yo,enc0,0.6,11,2048,0.00537109375,34
only_yo,4,yo,enc0,0.7,7,2048,0.00341796875,25
only_yo,4,yo,enc1,0.3,582,2048,0.2841796875,49
only_yo,4,yo,enc1,0.4,61,2048,0.02978515625,74
only_yo,4,yo,enc1,0.5,28,2048,0.013671875,50
only_yo,4,yo,enc1,0.6,27,2048,0.01318359375,22
only_yo,4,yo,enc1,0.7,26,2048,0.0126953125,10
only_yo,4,yo,enc2,0.3,394,2048,0.1923828125,60
only_yo,4,yo,enc2,0.4,94,2048,0.0458984375,56
only_yo,4,yo,enc2,0.5,20,2048,0.009765625,32
only_yo,4,yo,enc2,0.6,9,2048,0.00439453125,17
only_yo,4,yo,enc2,0.7,4,2048,0.001953125,10
only_yo,4,yo,dec0,0.3,549,2048,0.26806640625,20
only_yo,4,yo,dec0,0.4,167,2048,0.08154296875,21
only_yo,4,yo,dec0,0.5,28,2048,0.013671875,9
only_yo,4,yo,dec0,0.6,6,2048,0.0029296875,7
only_yo,4,yo,dec0,0.7,4,2048,0.001953125,4
only_yo,4,yo,dec1,0.3,290,2048,0.1416015625,28
only_yo,4,yo,dec1,0.4,32,2048,0.015625,24
only_yo,4,yo,dec1,0.5,13,2048,0.00634765625,10
only_yo,4,yo,dec1,0.6,10,2048,0.0048828125,5
only_yo,4,yo,dec1,0.7,6,2048,0.0029296875,3
only_yo,4,yo,dec2,0.3,659,2048,0.32177734375,18
only_yo,4,yo,dec2,0.4,238,2048,0.1162109375,15
only_yo,4,yo,dec2,0.5,63,2048,0.03076171875,11
only_yo,4,yo,dec2,0.6,17,2048,0.00830078125,7
only_yo,4,yo,dec2,0.7,4,2048,0.001953125,6
only_yo,5,yo,enc0,0.3,484,2048,0.236328125,48
only_yo,5,yo,enc0,0.4,83,2048,0.04052734375,51
only_yo,5,yo,enc0,0.5,27,2048,0.01318359375,39
only_yo,5,yo,enc0,0.6,11,2048,0.00537109375,33
only_yo,5,yo,enc0,0.7,9,2048,0.00439453125,25
only_yo,5,yo,enc1,0.3,557,2048,0.27197265625,48
only_yo,5,yo,enc1,0.4,53,2048,0.02587890625,73
only_yo,5,yo,enc1,0.5,28,2048,0.013671875,45
only_yo,5,yo,enc1,0.6,24,2048,0.01171875,22
only_yo,5,yo,enc1,0.7,18,2048,0.0087890625,10
only_yo,5,yo,enc2,0.3,364,2048,0.177734375,57
only_yo,5,yo,enc2,0.4,91,2048,0.04443359375,54
only_yo,5,yo,enc2,0.5,21,2048,0.01025390625,27
only_yo,5,yo,enc2,0.6,8,2048,0.00390625,17
only_yo,5,yo,enc2,0.7,4,2048,0.001953125,10
only_yo,5,yo,dec0,0.3,447,2048,0.21826171875,18
only_yo,5,yo,dec0,0.4,185,2048,0.09033203125,22
only_yo,5,yo,dec0,0.5,27,2048,0.01318359375,12
only_yo,5,yo,dec0,0.6,5,2048,0.00244140625,8
only_yo,5,yo,dec0,0.7,4,2048,0.001953125,3
only_yo,5,yo,dec1,0.3,279,2048,0.13623046875,29
only_yo,5,yo,dec1,0.4,28,2048,0.013671875,23
only_yo,5,yo,dec1,0.5,13,2048,0.00634765625,9
only_yo,5,yo,dec1,0.6,8,2048,0.00390625,4
only_yo,5,yo,dec1,0.7,7,2048,0.00341796875,3
only_yo,5,yo,dec2,0.3,615,2048,0.30029296875,19
only_yo,5,yo,dec2,0.4,213,2048,0.10400390625,13
only_yo,5,yo,dec2,0.5,60,2048,0.029296875,11
only_yo,5,yo,dec2,0.6,18,2048,0.0087890625,6
only_yo,5,yo,dec2,0.7,4,2048,0.001953125,5
only_yo,6,yo,enc0,0.3,441,2048,0.21533203125,53
only_yo,6,yo,enc0,0.4,83,2048,0.04052734375,52
only_yo,6,yo,enc0,0.5,31,2048,0.01513671875,37
only_yo,6,yo,enc0,0.6,10,2048,0.0048828125,35
only_yo,6,yo,enc0,0.7,6,2048,0.0029296875,25
only_yo,6,yo,enc1,0.3,512,2048,0.25,59
only_yo,6,yo,enc1,0.4,29,2048,0.01416015625,75
only_yo,6,yo,enc1,0.5,22,2048,0.0107421875,40
only_yo,6,yo,enc1,0.6,19,2048,0.00927734375,19
only_yo,6,yo,enc1,0.7,17,2048,0.00830078125,10
only_yo,6,yo,enc2,0.3,315,2048,0.15380859375,56
only_yo,6,yo,enc2,0.4,81,2048,0.03955078125,51
only_yo,6,yo,enc2,0.5,14,2048,0.0068359375,28
only_yo,6,yo,enc2,0.6,7,2048,0.00341796875,18
only_yo,6,yo,enc2,0.7,4,2048,0.001953125,11
only_yo,6,yo,dec0,0.3,545,2048,0.26611328125,17
only_yo,6,yo,dec0,0.4,204,2048,0.099609375,20
only_yo,6,yo,dec0,0.5,40,2048,0.01953125,12
only_yo,6,yo,dec0,0.6,6,2048,0.0029296875,9
only_yo,6,yo,dec0,0.7,3,2048,0.00146484375,3
only_yo,6,yo,dec1,0.3,256,2048,0.125,32
only_yo,6,yo,dec1,0.4,22,2048,0.0107421875,20
only_yo,6,yo,dec1,0.5,12,2048,0.005859375,9
only_yo,6,yo,dec1,0.6,9,2048,0.00439453125,3
only_yo,6,yo,dec1,0.7,6,2048,0.0029296875,3
only_yo,6,yo,dec2,0.3,621,2048,0.30322265625,14
only_yo,6,yo,dec2,0.4,226,2048,0.1103515625,14
only_yo,6,yo,dec2,0.5,61,2048,0.02978515625,10
only_yo,6,yo,dec2,0.6,16,2048,0.0078125,6
only_yo,6,yo,dec2,0.7,4,2048,0.001953125,6
only_yo,7,yo,enc0,0.3,465,2048,0.22705078125,47
only_yo,7,yo,enc0,0.4,84,2048,0.041015625,54
only_yo,7,yo,enc0,0.5,23,2048,0.01123046875,41
only_yo,7,yo,enc0,0.6,11,2048,0.00537109375,35
only_yo,7,yo,enc0,0.7,7,2048,0.00341796875,24
only_yo,7,yo,enc1,0.3,462,2048,0.2255859375,56
only_yo,7,yo,enc1,0.4,36,2048,0.017578125,68
only_yo,7,yo,enc1,0.5,18,2048,0.0087890625,43
only_yo,7,yo,enc1,0.6,8,2048,0.00390625,20
only_yo,7,yo,enc1,0.7,7,2048,0.00341796875,9
only_yo,7,yo,enc2,0.3,309,2048,0.15087890625,60
only_yo,7,yo,enc2,0.4,82,2048,0.0400390625,48
only_yo,7,yo,enc2,0.5,14,2048,0.0068359375,26
only_yo,7,yo,enc2,0.6,5,2048,0.00244140625,17
only_yo,7,yo,enc2,0.7,4,2048,0.001953125,9
only_yo,7,yo,dec0,0.3,560,2048,0.2734375,17
only_yo,7,yo,dec0,0.4,222,2048,0.1083984375,19
only_yo,7,yo,dec0,0.5,48,2048,0.0234375,14
only_yo,7,yo,dec0,0.6,10,2048,0.0048828125,7
only_yo,7,yo,dec0,0.7,2,2048,0.0009765625,3
only_yo,7,yo,dec1,0.3,182,2048,0.0888671875,29
only_yo,7,yo,dec1,0.4,34,2048,0.0166015625,19
only_yo,7,yo,dec1,0.5,13,2048,0.00634765625,9
only_yo,7,yo,dec1,0.6,9,2048,0.00439453125,3
only_yo,7,yo,dec1,0.7,6,2048,0.0029296875,3
only_yo,7,yo,dec2,0.3,628,2048,0.306640625,15
only_yo,7,yo,dec2,0.4,230,2048,0.1123046875,13
only_yo,7,yo,dec2,0.5,63,2048,0.03076171875,11
only_yo,7,yo,dec2,0.6,13,2048,0.00634765625,7
only_yo,7,yo,dec2,0.7,4,2048,0.001953125,6
only_yo,8,yo,enc0,0.3,444,2048,0.216796875,48
only_yo,8,yo,enc0,0.4,62,2048,0.0302734375,57
only_yo,8,yo,enc0,0.5,27,2048,0.01318359375,39
only_yo,8,yo,enc0,0.6,10,2048,0.0048828125,35
only_yo,8,yo,enc0,0.7,5,2048,0.00244140625,24
only_yo,8,yo,enc1,0.3,462,2048,0.2255859375,56
only_yo,8,yo,enc1,0.4,31,2048,0.01513671875,73
only_yo,8,yo,enc1,0.5,12,2048,0.005859375,41
only_yo,8,yo,enc1,0.6,11,2048,0.00537109375,18
only_yo,8,yo,enc1,0.7,4,2048,0.001953125,11
only_yo,8,yo,enc2,0.3,284,2048,0.138671875,57
only_yo,8,yo,enc2,0.4,79,2048,0.03857421875,47
only_yo,8,yo,enc2,0.5,14,2048,0.0068359375,26
only_yo,8,yo,enc2,0.6,5,2048,0.00244140625,19
only_yo,8,yo,enc2,0.7,3,2048,0.00146484375,10
only_yo,8,yo,dec0,0.3,570,2048,0.2783203125,18
only_yo,8,yo,dec0,0.4,237,2048,0.11572265625,17
only_yo,8,yo,dec0,0.5,82,2048,0.0400390625,13
only_yo,8,yo,dec0,0.6,15,2048,0.00732421875,7
only_yo,8,yo,dec0,0.7,3,2048,0.00146484375,4
only_yo,8,yo,dec1,0.3,233,2048,0.11376953125,30
only_yo,8,yo,dec1,0.4,21,2048,0.01025390625,20
only_yo,8,yo,dec1,0.5,12,2048,0.005859375,10
only_yo,8,yo,dec1,0.6,8,2048,0.00390625,4
only_yo,8,yo,dec1,0.7,6,2048,0.0029296875,3
only_yo,8,yo,dec2,0.3,617,2048,0.30126953125,14
only_yo,8,yo,dec2,0.4,214,2048,0.1044921875,17
only_yo,8,yo,dec2,0.5,60,2048,0.029296875,12
only_yo,8,yo,dec2,0.6,15,2048,0.00732421875,6
only_yo,8,yo,dec2,0.7,4,2048,0.001953125,6
only_yo,9,yo,enc0,0.3,421,2048,0.20556640625,47
only_yo,9,yo,enc0,0.4,58,2048,0.0283203125,55
only_yo,9,yo,enc0,0.5,18,2048,0.0087890625,40
only_yo,9,yo,enc0,0.6,9,2048,0.00439453125,35
only_yo,9,yo,enc0,0.7,6,2048,0.0029296875,23
only_yo,9,yo,enc1,0.3,388,2048,0.189453125,60
only_yo,9,yo,enc1,0.4,31,2048,0.01513671875,71
only_yo,9,yo,enc1,0.5,11,2048,0.00537109375,44
only_yo,9,yo,enc1,0.6,6,2048,0.0029296875,18
only_yo,9,yo,enc1,0.7,4,2048,0.001953125,7
only_yo,9,yo,enc2,0.3,281,2048,0.13720703125,58
only_yo,9,yo,enc2,0.4,78,2048,0.0380859375,46
only_yo,9,yo,enc2,0.5,14,2048,0.0068359375,26
only_yo,9,yo,enc2,0.6,5,2048,0.00244140625,20
only_yo,9,yo,enc2,0.7,3,2048,0.00146484375,9
only_yo,9,yo,dec0,0.3,554,2048,0.2705078125,24
only_yo,9,yo,dec0,0.4,232,2048,0.11328125,16
only_yo,9,yo,dec0,0.5,64,2048,0.03125,15
only_yo,9,yo,dec0,0.6,19,2048,0.00927734375,7
only_yo,9,yo,dec0,0.7,2,2048,0.0009765625,3
only_yo,9,yo,dec1,0.3,158,2048,0.0771484375,33
only_yo,9,yo,dec1,0.4,17,2048,0.00830078125,22
only_yo,9,yo,dec1,0.5,11,2048,0.00537109375,8
only_yo,9,yo,dec1,0.6,8,2048,0.00390625,3
only_yo,9,yo,dec1,0.7,6,2048,0.0029296875,3
only_yo,9,yo,dec2,0.3,616,2048,0.30078125,14
only_yo,9,yo,dec2,0.4,212,2048,0.103515625,18
only_yo,9,yo,dec2,0.5,62,2048,0.0302734375,12
only_yo,9,yo,dec2,0.6,14,2048,0.0068359375,6
only_yo,9,yo,dec2,0.7,4,2048,0.001953125,7
only_yo,10,yo,enc0,0.3,407,2048,0.19873046875,48
only_yo,10,yo,enc0,0.4,58,2048,0.0283203125,57
only_yo,10,yo,enc0,0.5,17,2048,0.00830078125,40
only_yo,10,yo,enc0,0.6,9,2048,0.00439453125,35
only_yo,10,yo,enc0,0.7,6,2048,0.0029296875,22
only_yo,10,yo,enc1,0.3,388,2048,0.189453125,64
only_yo,10,yo,enc1,0.4,21,2048,0.01025390625,79
only_yo,10,yo,enc1,0.5,13,2048,0.00634765625,39
only_yo,10,yo,enc1,0.6,6,2048,0.0029296875,15
only_yo,10,yo,enc1,0.7,4,2048,0.001953125,6
only_yo,10,yo,enc2,0.3,158,2048,0.0771484375,59
only_yo,10,yo,enc2,0.4,78,2048,0.0380859375,43
only_yo,10,yo,enc2,0.5,13,2048,0.00634765625,26
only_yo,10,yo,enc2,0.6,5,2048,0.00244140625,19
only_yo,10,yo,enc2,0.7,3,2048,0.00146484375,9
only_yo,10,yo,dec0,0.3,563,2048,0.27490234375,20
only_yo,10,yo,dec0,0.4,230,2048,0.1123046875,20
only_yo,10,yo,dec0,0.5,68,2048,0.033203125,14
only_yo,10,yo,dec0,0.6,16,2048,0.0078125,9
only_yo,10,yo,dec0,0.7,2,2048,0.0009765625,4
only_yo,10,yo,dec1,0.3,179,2048,0.08740234375,34
only_yo,10,yo,dec1,0.4,17,2048,0.00830078125,17
only_yo,10,yo,dec1,0.5,11,2048,0.00537109375,8
only_yo,10,yo,dec1,0.6,7,2048,0.00341796875,4
only_yo,10,yo,dec1,0.7,7,2048,0.00341796875,3
only_yo,10,yo,dec2,0.3,588,2048,0.287109375,13
only_yo,10,yo,dec2,0.4,209,2048,0.10205078125,14
only_yo,10,yo,dec2,0.5,58,2048,0.0283203125,11
only_yo,10,yo,dec2,0.6,13,2048,0.00634765625,6
only_yo,10,yo,dec2,0.7,3,2048,0.00146484375,6
only_yo,11,yo,enc0,0.3,403,2048,0.19677734375,51
only_yo,11,yo,enc0,0.4,96,2048,0.046875,54
only_yo,11,yo,enc0,0.5,17,2048,0.00830078125,41
only_yo,11,yo,enc0,0.6,10,2048,0.0048828125,34
only_yo,11,yo,enc0,0.7,7,2048,0.00341796875,22
only_yo,11,yo,enc1,0.3,409,2048,0.19970703125,61
only_yo,11,yo,enc1,0.4,28,2048,0.013671875,72
only_yo,11,yo,enc1,0.5,12,2048,0.005859375,39
only_yo,11,yo,enc1,0.6,6,2048,0.0029296875,14
only_yo,11,yo,enc1,0.7,4,2048,0.001953125,5
only_yo,11,yo,enc2,0.3,243,2048,0.11865234375,63
only_yo,11,yo,enc2,0.4,42,2048,0.0205078125,46
only_yo,11,yo,enc2,0.5,13,2048,0.00634765625,24
only_yo,11,yo,enc2,0.6,5,2048,0.00244140625,20
only_yo,11,yo,enc2,0.7,3,2048,0.00146484375,9
only_yo,11,yo,dec0,0.3,557,2048,0.27197265625,23
only_yo,11,yo,dec0,0.4,243,2048,0.11865234375,20
only_yo,11,yo,dec0,0.5,71,2048,0.03466796875,16
only_yo,11,yo,dec0,0.6,18,2048,0.0087890625,9
only_yo,11,yo,dec0,0.7,4,2048,0.001953125,4
only_yo,11,yo,dec1,0.3,184,2048,0.08984375,30
only_yo,11,yo,dec1,0.4,15,2048,0.00732421875,19
only_yo,11,yo,dec1,0.5,11,2048,0.00537109375,9
only_yo,11,yo,dec1,0.6,8,2048,0.00390625,4
only_yo,11,yo,dec1,0.7,4,2048,0.001953125,3
only_yo,11,yo,dec2,0.3,608,2048,0.296875,13
only_yo,11,yo,dec2,0.4,215,2048,0.10498046875,15
only_yo,11,yo,dec2,0.5,59,2048,0.02880859375,12
only_yo,11,yo,dec2,0.6,15,2048,0.00732421875,6
only_yo,11,yo,dec2,0.7,3,2048,0.00146484375,5
only_yo,12,yo,enc0,0.3,419,2048,0.20458984375,53
only_yo,12,yo,enc0,0.4,117,2048,0.05712890625,57
only_yo,12,yo,enc0,0.5,19,2048,0.00927734375,38
only_yo,12,yo,enc0,0.6,8,2048,0.00390625,35
only_yo,12,yo,enc0,0.7,6,2048,0.0029296875,21
only_yo,12,yo,enc1,0.3,361,2048,0.17626953125,71
only_yo,12,yo,enc1,0.4,23,2048,0.01123046875,68
only_yo,12,yo,enc1,0.5,11,2048,0.00537109375,37
only_yo,12,yo,enc1,0.6,6,2048,0.0029296875,15
only_yo,12,yo,enc1,0.7,4,2048,0.001953125,5
only_yo,12,yo,enc2,0.3,150,2048,0.0732421875,58
only_yo,12,yo,enc2,0.4,41,2048,0.02001953125,44
only_yo,12,yo,enc2,0.5,12,2048,0.005859375,26
only_yo,12,yo,enc2,0.6,5,2048,0.00244140625,17
only_yo,12,yo,enc2,0.7,3,2048,0.00146484375,8
only_yo,12,yo,dec0,0.3,548,2048,0.267578125,22
only_yo,12,yo,dec0,0.4,237,2048,0.11572265625,21
only_yo,12,yo,dec0,0.5,72,2048,0.03515625,13
only_yo,12,yo,dec0,0.6,17,2048,0.00830078125,9
only_yo,12,yo,dec0,0.7,4,2048,0.001953125,5
only_yo,12,yo,dec1,0.3,117,2048,0.05712890625,38
only_yo,12,yo,dec1,0.4,15,2048,0.00732421875,19
only_yo,12,yo,dec1,0.5,10,2048,0.0048828125,9
only_yo,12,yo,dec1,0.6,8,2048,0.00390625,4
only_yo,12,yo,dec1,0.7,6,2048,0.0029296875,3
only_yo,12,yo,dec2,0.3,547,2048,0.26708984375,14
only_yo,12,yo,dec2,0.4,199,2048,0.09716796875,15
only_yo,12,yo,dec2,0.5,53,2048,0.02587890625,12
only_yo,12,yo,dec2,0.6,16,2048,0.0078125,7
only_yo,12,yo,dec2,0.7,3,2048,0.00146484375,6
only_yo,13,yo,enc0,0.3,406,2048,0.1982421875,58
only_yo,13,yo,enc0,0.4,86,2048,0.0419921875,59
only_yo,13,yo,enc0,0.5,19,2048,0.00927734375,41
only_yo,13,yo,enc0,0.6,9,2048,0.00439453125,34
only_yo,13,yo,enc0,0.7,6,2048,0.0029296875,20
only_yo,13,yo,enc1,0.3,308,2048,0.150390625,69
only_yo,13,yo,enc1,0.4,19,2048,0.00927734375,71
only_yo,13,yo,enc1,0.5,12,2048,0.005859375,37
only_yo,13,yo,enc1,0.6,5,2048,0.00244140625,13
only_yo,13,yo,enc1,0.7,4,2048,0.001953125,5
only_yo,13,yo,enc2,0.3,143,2048,0.06982421875,57
only_yo,13,yo,enc2,0.4,43,2048,0.02099609375,49
only_yo,13,yo,enc2,0.5,12,2048,0.005859375,27
only_yo,13,yo,enc2,0.6,4,2048,0.001953125,18
only_yo,13,yo,enc2,0.7,3,2048,0.00146484375,10
only_yo,13,yo,dec0,0.3,535,2048,0.26123046875,23
only_yo,13,yo,dec0,0.4,237,2048,0.11572265625,18
only_yo,13,yo,dec0,0.5,83,2048,0.04052734375,11
only_yo,13,yo,dec0,0.6,21,2048,0.01025390625,9
only_yo,13,yo,dec0,0.7,2,2048,0.0009765625,5
only_yo,13,yo,dec1,0.3,89,2048,0.04345703125,34
only_yo,13,yo,dec1,0.4,16,2048,0.0078125,17
only_yo,13,yo,dec1,0.5,10,2048,0.0048828125,8
only_yo,13,yo,dec1,0.6,8,2048,0.00390625,4
only_yo,13,yo,dec1,0.7,6,2048,0.0029296875,3
only_yo,13,yo,dec2,0.3,574,2048,0.2802734375,15
only_yo,13,yo,dec2,0.4,195,2048,0.09521484375,15
only_yo,13,yo,dec2,0.5,55,2048,0.02685546875,11
only_yo,13,yo,dec2,0.6,16,2048,0.0078125,7
only_yo,13,yo,dec2,0.7,3,2048,0.00146484375,6
only_yo,14,yo,enc0,0.3,398,2048,0.1943359375,55
only_yo,14,yo,enc0,0.4,88,2048,0.04296875,57
only_yo,14,yo,enc0,0.5,17,2048,0.00830078125,43
only_yo,14,yo,enc0,0.6,9,2048,0.00439453125,33
only_yo,14,yo,enc0,0.7,6,2048,0.0029296875,22
only_yo,14,yo,enc1,0.3,326,2048,0.1591796875,70
only_yo,14,yo,enc1,0.4,18,2048,0.0087890625,67
only_yo,14,yo,enc1,0.5,10,2048,0.0048828125,34
only_yo,14,yo,enc1,0.6,6,2048,0.0029296875,14
only_yo,14,yo,enc1,0.7,4,2048,0.001953125,5
only_yo,14,yo,enc2,0.3,141,2048,0.06884765625,59
only_yo,14,yo,enc2,0.4,39,2048,0.01904296875,45
only_yo,14,yo,enc2,0.5,10,2048,0.0048828125,24
only_yo,14,yo,enc2,0.6,4,2048,0.001953125,17
only_yo,14,yo,enc2,0.7,3,2048,0.00146484375,10
only_yo,14,yo,dec0,0.3,561,2048,0.27392578125,21
only_yo,14,yo,dec0,0.4,234,2048,0.1142578125,17
only_yo,14,yo,dec0,0.5,66,2048,0.0322265625,10
only_yo,14,yo,dec0,0.6,15,2048,0.00732421875,8
only_yo,14,yo,dec0,0.7,2,2048,0.0009765625,2
only_yo,14,yo,dec1,0.3,84,2048,0.041015625,35
only_yo,14,yo,dec1,0.4,16,2048,0.0078125,18
only_yo,14,yo,dec1,0.5,10,2048,0.0048828125,9
only_yo,14,yo,dec1,0.6,8,2048,0.00390625,4
only_yo,14,yo,dec1,0.7,5,2048,0.00244140625,3
only_yo,14,yo,dec2,0.3,559,2048,0.27294921875,14
only_yo,14,yo,dec2,0.4,202,2048,0.0986328125,14
only_yo,14,yo,dec2,0.5,55,2048,0.02685546875,12
only_yo,14,yo,dec2,0.6,14,2048,0.0068359375,7
only_yo,14,yo,dec2,0.7,3,2048,0.00146484375,6
