phase,trained,steps,stop,chrF hi,chrF zh,chrF yo,val hi,val zh,val yo
0,hi,0,init,45.65,0.32,1.09,1.4996,9.0502,8.331
1,yo,14500,plateau,17.25,0.3,22.17,5.4767,8.672,1.268
2,yo,6000,plateau,16.09,0.57,22.26,5.9766,8.7303,1.2723
3,yo,6000,worsening,15.33,0.6,22.36,6.3616,8.7622,1.2845
4,yo,6000,worsening,15.04,0.6,22.55,6.6248,8.843,1.302
5,yo,6000,plateau,15.25,0.5,22.61,6.7991,8.8704,1.3155
6,yo,6000,plateau,14.76,0.57,22.34,6.9698,8.8827,1.3311
7,yo,6000,plateau,15.1,0.65,22.27,7.0961,8.8994,1.3478
8,yo,6000,plateau,13.97,0.54,22.4,7.2634,8.8751,1.3551
9,yo,6000,plateau,12.65,0.78,22.26,7.3717,8.9361,1.3702
10,yo,6000,plateau,13.07,0.57,22.45,7.4842,8.9024,1.3784
11,yo,6000,plateau,10.63,0.57,22.07,7.6068,8.9035,1.3868
12,yo,6000,plateau,9.67,0.66,22.21,7.6634,8.9196,1.3952
13,yo,6000,plateau,7.76,0.7,22.3,7.762,8.9495,1.4008
14,yo,6000,plateau,6.62,0.68,22.1,7.8428,8.9706,1.4054
