run,layer,self_frac,self_change,task_change,random_change,separation,sep_vs_random,% transitions self more stable,n_transitions
continual,enc0,0.00869140625,13.137211390904017,27.89092241014753,27.677368681771416,14.753711019243513,14.540157290867397,100.0,14
continual,enc1,0.01494140625,30.54927941731044,39.322140557425364,39.27408722468785,8.772861140114921,8.724807807377406,78.57142857142857,14
continual,enc2,0.010546875,29.651954105922155,48.22994313921247,47.87344893046789,18.57798903329032,18.221494824545722,100.0,14
continual,dec0,0.0125,38.57448550633022,53.33336639404297,53.35129211970737,14.75888088771275,14.776806613377163,85.71428571428571,14
continual,dec1,0.010123697916666667,44.759129115513396,72.48246220179966,71.99566005979266,27.72333308628627,27.23653094427926,100.0,14
continual,dec2,0.023828125,47.50216211591448,65.13159452165876,64.90524935041155,17.62943240574428,17.403087234497068,100.0,14
only_hi,enc0,0.012239583333333333,1.6689023630959647,2.9557565791266307,2.941172169787543,1.2868542160306657,1.2722698066915785,100.0,14
only_hi,enc1,0.06067708333333333,2.2033290777887617,4.078261613845825,3.964572919266565,1.8749325360570634,1.7612438414778029,100.0,14
only_hi,enc2,0.05748697916666667,2.3675619534083774,3.7835172755377635,3.7170957718576707,1.415955322129386,1.3495338184492929,100.0,14
only_hi,dec0,0.10003255208333334,6.938473088400705,9.482050861631121,9.233847848006658,2.5435777732304166,2.2953747596059526,100.0,14
only_hi,dec1,0.02177734375,7.772850547518049,8.501655544553484,8.398056282315936,0.7288049970354352,0.6252057347978862,85.71428571428571,14
only_hi,dec2,0.022265625,3.7424432720456804,5.216921499797276,5.170467696019581,1.4744782277515955,1.4280244239739008,100.0,14
only_yo,enc0,0.013736979166666666,2.275174387863704,4.32301448072706,4.281658591968673,2.0478400928633556,2.006484204104969,100.0,14
only_yo,enc1,0.0162109375,12.408258804253169,6.664086767605373,6.756040848152978,-5.744172036647797,-5.652217956100192,42.857142857142854,14
only_yo,enc2,0.012174479166666667,4.781683078833988,7.814895136015756,7.762925106287004,3.033212057181767,2.981242027453014,100.0,14
only_yo,dec0,0.030794270833333335,7.073634845869882,9.783099617276873,9.730357277393342,2.7094647714069913,2.6567224315234594,100.0,14
only_yo,dec1,0.006510416666666667,6.955251012529645,12.851584843226842,12.808532781260354,5.896333830697196,5.853281768730708,100.0,14
only_yo,dec2,0.03037109375,6.408335753849575,10.851367712020874,10.707842796189448,4.443031958171299,4.29950704233987,100.0,14
